accuracy_average_vl,accuracy_sd_vl,average_tr_error_best_vl,learning_rate,regularization,momentum,activation_hidden,weight_init,topology
0.55925781,0.00215738,0.42261718,0.01,0,0,<class 'activation_function.Relu'>,<function xavier_initializer at 0x000001DF462D6E50>,"(5, 5, 5)"
0.47249336,0.01030021,0.28899416,0.01,0,0,<class 'activation_function.TanH'>,<function xavier_initializer at 0x000001DF462D6E50>,"(5, 5, 5)"
0.43502404,0.00921321,0.24458171,0.01,0,0,<class 'activation_function.TanH'>,<function xavier_initializer at 0x000001DF462D6E50>,"(10, 10, 10)"
0.42434968,0.00992853,0.24093571,0.01,0,0,<class 'activation_function.TanH'>,<function xavier_initializer at 0x000001DF462D6E50>,"(15, 15, 15)"
0.43200943,0.00422685,0.24230782,0.01,0,0,<class 'activation_function.TanH'>,<function xavier_initializer at 0x000001DF462D6E50>,"(10, 20, 20)"
0.4047065,0.01620047,0.22386243,0.01,0,0,<class 'activation_function.Relu'>,<function xavier_initializer at 0x000001DF462D6E50>,"(10, 10, 10)"
0.40088693,0.01006896,0.21910983,0.01,0,0,<class 'activation_function.Relu'>,<function xavier_initializer at 0x000001DF462D6E50>,"(15, 15, 15)"
1.18690556,0.03321018,1.62957874,0.01,0,0,<class 'activation_function.Sigmoid'>,<function xavier_initializer at 0x000001DF462D6E50>,"(5, 5, 5)"
0.40540652,0.01283787,0.22500257,0.01,0,0,<class 'activation_function.Relu'>,<function xavier_initializer at 0x000001DF462D6E50>,"(10, 20, 20)"
1.12720197,0.0330378,1.48740726,0.01,0,0,<class 'activation_function.Sigmoid'>,<function xavier_initializer at 0x000001DF462D6E50>,"(10, 10, 10)"
1.07843694,0.03382502,1.38683688,0.01,0,0,<class 'activation_function.Sigmoid'>,<function xavier_initializer at 0x000001DF462D6E50>,"(15, 15, 15)"
0.80273912,0.02274808,0.85192564,0.01,0,0,<class 'activation_function.Sigmoid'>,<function xavier_initializer at 0x000001DF462D6E50>,"(10, 20, 20)"
0.47537792,0.00549211,0.30348111,0.01,0,0,<class 'activation_function.TanH'>,<function he_initializer at 0x000001DF462D6EE0>,"(5, 5, 5)"
0.46668996,0.01146611,0.27762513,0.01,0,0,<class 'activation_function.TanH'>,<function he_initializer at 0x000001DF462D6EE0>,"(10, 10, 10)"
0.48334302,0.01286496,0.30372628,0.01,0,0,<class 'activation_function.TanH'>,<function he_initializer at 0x000001DF462D6EE0>,"(15, 15, 15)"
0.62579279,0.00893054,0.50244821,0.01,0,0,<class 'activation_function.Relu'>,<function he_initializer at 0x000001DF462D6EE0>,"(5, 5, 5)"
0.44517284,0.01578265,0.26334114,0.01,0,0,<class 'activation_function.Relu'>,<function he_initializer at 0x000001DF462D6EE0>,"(10, 10, 10)"
0.46201188,0.00852617,0.27127564,0.01,0,0,<class 'activation_function.TanH'>,<function he_initializer at 0x000001DF462D6EE0>,"(10, 20, 20)"
0.43519489,0.00745419,0.2421208,0.01,0,0,<class 'activation_function.Relu'>,<function he_initializer at 0x000001DF462D6EE0>,"(15, 15, 15)"
0.42738686,0.00928357,0.24253566,0.01,0,0,<class 'activation_function.Relu'>,<function he_initializer at 0x000001DF462D6EE0>,"(10, 20, 20)"
0.76991467,0.0124933,0.75862043,0.01,0,0,<class 'activation_function.Sigmoid'>,<function he_initializer at 0x000001DF462D6EE0>,"(5, 5, 5)"
0.8809357,0.02435646,0.99654204,0.01,0,0,<class 'activation_function.Sigmoid'>,<function he_initializer at 0x000001DF462D6EE0>,"(10, 10, 10)"
0.86991826,0.02743602,0.95460159,0.01,0,0,<class 'activation_function.Sigmoid'>,<function he_initializer at 0x000001DF462D6EE0>,"(15, 15, 15)"
0.70274391,0.01513513,0.64668345,0.01,0,0,<class 'activation_function.Sigmoid'>,<function he_initializer at 0x000001DF462D6EE0>,"(10, 20, 20)"
0.48052062,0.00947498,0.29586279,0.01,0,0.4,<class 'activation_function.TanH'>,<function xavier_initializer at 0x000001DF462D6E50>,"(5, 5, 5)"
0.45617499,0.00926854,0.27251141,0.01,0,0.4,<class 'activation_function.TanH'>,<function xavier_initializer at 0x000001DF462D6E50>,"(10, 10, 10)"
0.44509317,0.00664275,0.25651031,0.01,0,0.4,<class 'activation_function.TanH'>,<function xavier_initializer at 0x000001DF462D6E50>,"(15, 15, 15)"
0.51943139,0.00407555,0.36273055,0.01,0,0.4,<class 'activation_function.Relu'>,<function xavier_initializer at 0x000001DF462D6E50>,"(5, 5, 5)"
0.37091576,0.00661343,0.19597159,0.01,0,0.4,<class 'activation_function.Relu'>,<function xavier_initializer at 0x000001DF462D6E50>,"(10, 10, 10)"
0.4326239,0.00512372,0.24405025,0.01,0,0.4,<class 'activation_function.TanH'>,<function xavier_initializer at 0x000001DF462D6E50>,"(10, 20, 20)"
0.38846541,0.01246109,0.21302752,0.01,0,0.4,<class 'activation_function.Relu'>,<function xavier_initializer at 0x000001DF462D6E50>,"(15, 15, 15)"
1.05411584,0.03106898,1.34333237,0.01,0,0.4,<class 'activation_function.Sigmoid'>,<function xavier_initializer at 0x000001DF462D6E50>,"(5, 5, 5)"
0.35253046,0.01090421,0.17130374,0.01,0,0.4,<class 'activation_function.Relu'>,<function xavier_initializer at 0x000001DF462D6E50>,"(10, 20, 20)"
0.86763143,0.02286355,0.9609885,0.01,0,0.4,<class 'activation_function.Sigmoid'>,<function xavier_initializer at 0x000001DF462D6E50>,"(10, 10, 10)"
0.99791186,0.03737086,1.19278368,0.01,0,0.4,<class 'activation_function.Sigmoid'>,<function xavier_initializer at 0x000001DF462D6E50>,"(15, 15, 15)"
0.80277424,0.02138119,0.84103965,0.01,0,0.4,<class 'activation_function.Sigmoid'>,<function xavier_initializer at 0x000001DF462D6E50>,"(10, 20, 20)"
0.50999969,0.01578133,0.33475108,0.01,0,0.4,<class 'activation_function.TanH'>,<function he_initializer at 0x000001DF462D6EE0>,"(5, 5, 5)"
0.47043466,0.00890511,0.28291062,0.01,0,0.4,<class 'activation_function.TanH'>,<function he_initializer at 0x000001DF462D6EE0>,"(10, 10, 10)"
0.46633089,0.00724161,0.27518528,0.01,0,0.4,<class 'activation_function.TanH'>,<function he_initializer at 0x000001DF462D6EE0>,"(15, 15, 15)"
0.44173526,0.01484524,0.26655881,0.01,0,0.4,<class 'activation_function.Relu'>,<function he_initializer at 0x000001DF462D6EE0>,"(5, 5, 5)"
0.41929587,0.00878025,0.2326249,0.01,0,0.4,<class 'activation_function.Relu'>,<function he_initializer at 0x000001DF462D6EE0>,"(10, 10, 10)"
0.44327652,0.00937855,0.24928079,0.01,0,0.4,<class 'activation_function.TanH'>,<function he_initializer at 0x000001DF462D6EE0>,"(10, 20, 20)"
0.38163772,0.01472472,0.19714928,0.01,0,0.4,<class 'activation_function.Relu'>,<function he_initializer at 0x000001DF462D6EE0>,"(15, 15, 15)"
0.84210517,0.02534827,0.89703364,0.01,0,0.4,<class 'activation_function.Sigmoid'>,<function he_initializer at 0x000001DF462D6EE0>,"(5, 5, 5)"
0.4079334,0.01634643,0.21111895,0.01,0,0.4,<class 'activation_function.Relu'>,<function he_initializer at 0x000001DF462D6EE0>,"(10, 20, 20)"
0.70149485,0.01549908,0.63384348,0.01,0,0.4,<class 'activation_function.Sigmoid'>,<function he_initializer at 0x000001DF462D6EE0>,"(10, 10, 10)"
0.59131089,0.01125767,0.47285144,0.01,0,0.4,<class 'activation_function.Sigmoid'>,<function he_initializer at 0x000001DF462D6EE0>,"(15, 15, 15)"
0.66114869,0.00867415,0.56570118,0.01,0,0.4,<class 'activation_function.Sigmoid'>,<function he_initializer at 0x000001DF462D6EE0>,"(10, 20, 20)"
0.40927673,0.00709175,0.22110591,0.01,0,0.8,<class 'activation_function.TanH'>,<function xavier_initializer at 0x000001DF462D6E50>,"(5, 5, 5)"
0.38259667,0.0121289,0.1993539,0.01,0,0.8,<class 'activation_function.TanH'>,<function xavier_initializer at 0x000001DF462D6E50>,"(10, 10, 10)"
0.42127906,0.01206282,0.2271168,0.01,0,0.8,<class 'activation_function.TanH'>,<function xavier_initializer at 0x000001DF462D6E50>,"(15, 15, 15)"
0.36484363,0.01057894,0.18747942,0.01,0,0.8,<class 'activation_function.Relu'>,<function xavier_initializer at 0x000001DF462D6E50>,"(5, 5, 5)"
0.40936646,0.0110596,0.2164636,0.01,0,0.8,<class 'activation_function.TanH'>,<function xavier_initializer at 0x000001DF462D6E50>,"(10, 20, 20)"
0.3952889,0.00995161,0.21309326,0.01,0,0.8,<class 'activation_function.Relu'>,<function xavier_initializer at 0x000001DF462D6E50>,"(10, 10, 10)"
0.36071579,0.01364908,0.17914799,0.01,0,0.8,<class 'activation_function.Relu'>,<function xavier_initializer at 0x000001DF462D6E50>,"(15, 15, 15)"
0.7657357,0.01858632,0.77131522,0.01,0,0.8,<class 'activation_function.Sigmoid'>,<function xavier_initializer at 0x000001DF462D6E50>,"(5, 5, 5)"
0.37282205,0.0081597,0.18900124,0.01,0,0.8,<class 'activation_function.Relu'>,<function xavier_initializer at 0x000001DF462D6E50>,"(10, 20, 20)"
0.89431114,0.02636354,1.04568979,0.01,0,0.8,<class 'activation_function.Sigmoid'>,<function xavier_initializer at 0x000001DF462D6E50>,"(10, 10, 10)"
0.95881856,0.03658071,1.10967573,0.01,0,0.8,<class 'activation_function.Sigmoid'>,<function xavier_initializer at 0x000001DF462D6E50>,"(15, 15, 15)"
0.73185536,0.01219565,0.71815838,0.01,0,0.8,<class 'activation_function.Sigmoid'>,<function xavier_initializer at 0x000001DF462D6E50>,"(10, 20, 20)"
0.46521737,0.01494116,0.29004621,0.01,0,0.8,<class 'activation_function.TanH'>,<function he_initializer at 0x000001DF462D6EE0>,"(5, 5, 5)"
0.43808871,0.0039365,0.25087984,0.01,0,0.8,<class 'activation_function.TanH'>,<function he_initializer at 0x000001DF462D6EE0>,"(10, 10, 10)"
0.40795307,0.01617104,0.22116997,0.01,0,0.8,<class 'activation_function.TanH'>,<function he_initializer at 0x000001DF462D6EE0>,"(15, 15, 15)"
0.46228451,0.01022856,0.28450024,0.01,0,0.8,<class 'activation_function.Relu'>,<function he_initializer at 0x000001DF462D6EE0>,"(5, 5, 5)"
0.38846825,0.00418877,0.20106,0.01,0,0.8,<class 'activation_function.Relu'>,<function he_initializer at 0x000001DF462D6EE0>,"(10, 10, 10)"
0.44306616,0.00771457,0.24438195,0.01,0,0.8,<class 'activation_function.TanH'>,<function he_initializer at 0x000001DF462D6EE0>,"(10, 20, 20)"
0.4169479,0.01615104,0.23347901,0.01,0,0.8,<class 'activation_function.Relu'>,<function he_initializer at 0x000001DF462D6EE0>,"(15, 15, 15)"
0.38422868,0.01333091,0.19534386,0.01,0,0.8,<class 'activation_function.Relu'>,<function he_initializer at 0x000001DF462D6EE0>,"(10, 20, 20)"
0.83115293,0.01711377,0.85656708,0.01,0,0.8,<class 'activation_function.Sigmoid'>,<function he_initializer at 0x000001DF462D6EE0>,"(5, 5, 5)"
0.737216,0.02088809,0.70335225,0.01,0,0.8,<class 'activation_function.Sigmoid'>,<function he_initializer at 0x000001DF462D6EE0>,"(10, 10, 10)"
0.64335311,0.00986409,0.538751,0.01,0,0.8,<class 'activation_function.Sigmoid'>,<function he_initializer at 0x000001DF462D6EE0>,"(15, 15, 15)"
0.55281868,0.00341962,0.40183893,0.01,0,0.8,<class 'activation_function.Sigmoid'>,<function he_initializer at 0x000001DF462D6EE0>,"(10, 20, 20)"
0.88682632,0.02681338,0.87798673,0.01,0.005,0,<class 'activation_function.TanH'>,<function xavier_initializer at 0x000001DF462D6E50>,"(5, 5, 5)"
0.83458665,0.02243158,0.73407897,0.01,0.005,0,<class 'activation_function.TanH'>,<function xavier_initializer at 0x000001DF462D6E50>,"(10, 10, 10)"
0.82652912,0.02211877,0.55089048,0.01,0.005,0,<class 'activation_function.TanH'>,<function xavier_initializer at 0x000001DF462D6E50>,"(15, 15, 15)"
0.97390111,0.03374004,1.20343446,0.01,0.005,0,<class 'activation_function.Relu'>,<function xavier_initializer at 0x000001DF462D6E50>,"(5, 5, 5)"
0.80975548,0.0203133,0.62657735,0.01,0.005,0,<class 'activation_function.TanH'>,<function xavier_initializer at 0x000001DF462D6E50>,"(10, 20, 20)"
0.84428759,0.02417925,0.85802854,0.01,0.005,0,<class 'activation_function.Relu'>,<function xavier_initializer at 0x000001DF462D6E50>,"(10, 10, 10)"
0.82823389,0.02440024,0.83154817,0.01,0.005,0,<class 'activation_function.Relu'>,<function xavier_initializer at 0x000001DF462D6E50>,"(15, 15, 15)"
1.31818393,0.03248867,1.99483065,0.01,0.005,0,<class 'activation_function.Sigmoid'>,<function xavier_initializer at 0x000001DF462D6E50>,"(5, 5, 5)"
0.84412622,0.02692339,0.82824136,0.01,0.005,0,<class 'activation_function.Relu'>,<function xavier_initializer at 0x000001DF462D6E50>,"(10, 20, 20)"
1.31696027,0.03286147,1.96812896,0.01,0.005,0,<class 'activation_function.Sigmoid'>,<function xavier_initializer at 0x000001DF462D6E50>,"(10, 10, 10)"
1.3164662,0.03290368,1.97912447,0.01,0.005,0,<class 'activation_function.Sigmoid'>,<function xavier_initializer at 0x000001DF462D6E50>,"(15, 15, 15)"
1.31578533,0.03306168,1.94686285,0.01,0.005,0,<class 'activation_function.Sigmoid'>,<function xavier_initializer at 0x000001DF462D6E50>,"(10, 20, 20)"
0.90052429,0.02884125,0.69257851,0.01,0.005,0,<class 'activation_function.TanH'>,<function he_initializer at 0x000001DF462D6EE0>,"(5, 5, 5)"
0.84105,0.023643,0.5860283,0.01,0.005,0,<class 'activation_function.TanH'>,<function he_initializer at 0x000001DF462D6EE0>,"(10, 10, 10)"
0.79368458,0.02203178,0.44901363,0.01,0.005,0,<class 'activation_function.TanH'>,<function he_initializer at 0x000001DF462D6EE0>,"(15, 15, 15)"
0.84576189,0.02645984,0.86484214,0.01,0.005,0,<class 'activation_function.Relu'>,<function he_initializer at 0x000001DF462D6EE0>,"(5, 5, 5)"
0.78738071,0.02026397,0.42471092,0.01,0.005,0,<class 'activation_function.TanH'>,<function he_initializer at 0x000001DF462D6EE0>,"(10, 20, 20)"
0.86109111,0.02658267,0.75916345,0.01,0.005,0,<class 'activation_function.Relu'>,<function he_initializer at 0x000001DF462D6EE0>,"(10, 10, 10)"
0.82067087,0.02451923,0.61056737,0.01,0.005,0,<class 'activation_function.Relu'>,<function he_initializer at 0x000001DF462D6EE0>,"(15, 15, 15)"
1.3155113,0.0333986,1.93942321,0.01,0.005,0,<class 'activation_function.Sigmoid'>,<function he_initializer at 0x000001DF462D6EE0>,"(5, 5, 5)"
0.84173723,0.02492742,0.55645205,0.01,0.005,0,<class 'activation_function.Relu'>,<function he_initializer at 0x000001DF462D6EE0>,"(10, 20, 20)"
1.31473528,0.03340796,1.99529154,0.01,0.005,0,<class 'activation_function.Sigmoid'>,<function he_initializer at 0x000001DF462D6EE0>,"(10, 10, 10)"
1.31627924,0.0329386,1.73636481,0.01,0.005,0,<class 'activation_function.Sigmoid'>,<function he_initializer at 0x000001DF462D6EE0>,"(15, 15, 15)"
1.31729625,0.03255543,1.75527408,0.01,0.005,0,<class 'activation_function.Sigmoid'>,<function he_initializer at 0x000001DF462D6EE0>,"(10, 20, 20)"
0.80544344,0.01950561,0.82421591,0.01,0.005,0.4,<class 'activation_function.TanH'>,<function xavier_initializer at 0x000001DF462D6E50>,"(5, 5, 5)"
0.76606355,0.01670726,0.64121549,0.01,0.005,0.4,<class 'activation_function.TanH'>,<function xavier_initializer at 0x000001DF462D6E50>,"(10, 10, 10)"
0.72201957,0.01596614,0.49146858,0.01,0.005,0.4,<class 'activation_function.TanH'>,<function xavier_initializer at 0x000001DF462D6E50>,"(15, 15, 15)"
0.75508405,0.01673124,0.70615444,0.01,0.005,0.4,<class 'activation_function.Relu'>,<function xavier_initializer at 0x000001DF462D6E50>,"(5, 5, 5)"
0.71330807,0.01608622,0.47961541,0.01,0.005,0.4,<class 'activation_function.TanH'>,<function xavier_initializer at 0x000001DF462D6E50>,"(10, 20, 20)"
0.73966416,0.01604253,0.68158909,0.01,0.005,0.4,<class 'activation_function.Relu'>,<function xavier_initializer at 0x000001DF462D6E50>,"(10, 10, 10)"
0.79655594,0.02182498,0.80879387,0.01,0.005,0.4,<class 'activation_function.Relu'>,<function xavier_initializer at 0x000001DF462D6E50>,"(15, 15, 15)"
1.31670216,0.03275797,1.9903552,0.01,0.005,0.4,<class 'activation_function.Sigmoid'>,<function xavier_initializer at 0x000001DF462D6E50>,"(5, 5, 5)"
0.71024491,0.01672867,0.63145916,0.01,0.005,0.4,<class 'activation_function.Relu'>,<function xavier_initializer at 0x000001DF462D6E50>,"(10, 20, 20)"
1.31759781,0.03260754,1.962793,0.01,0.005,0.4,<class 'activation_function.Sigmoid'>,<function xavier_initializer at 0x000001DF462D6E50>,"(10, 10, 10)"
1.31650953,0.03284524,1.89517416,0.01,0.005,0.4,<class 'activation_function.Sigmoid'>,<function xavier_initializer at 0x000001DF462D6E50>,"(15, 15, 15)"
1.31637852,0.03281896,1.89557242,0.01,0.005,0.4,<class 'activation_function.Sigmoid'>,<function xavier_initializer at 0x000001DF462D6E50>,"(10, 20, 20)"
0.81642125,0.01976769,0.73458859,0.01,0.005,0.4,<class 'activation_function.TanH'>,<function he_initializer at 0x000001DF462D6EE0>,"(5, 5, 5)"
0.72449282,0.01734632,0.50656763,0.01,0.005,0.4,<class 'activation_function.TanH'>,<function he_initializer at 0x000001DF462D6EE0>,"(10, 10, 10)"
0.71921488,0.01627719,0.38198606,0.01,0.005,0.4,<class 'activation_function.TanH'>,<function he_initializer at 0x000001DF462D6EE0>,"(15, 15, 15)"
0.75939796,0.01694555,0.71211169,0.01,0.005,0.4,<class 'activation_function.Relu'>,<function he_initializer at 0x000001DF462D6EE0>,"(5, 5, 5)"
0.69348423,0.01516679,0.3989263,0.01,0.005,0.4,<class 'activation_function.TanH'>,<function he_initializer at 0x000001DF462D6EE0>,"(10, 20, 20)"
0.69678846,0.01741214,0.60538197,0.01,0.005,0.4,<class 'activation_function.Relu'>,<function he_initializer at 0x000001DF462D6EE0>,"(10, 10, 10)"
0.70381311,0.0162313,0.5192715,0.01,0.005,0.4,<class 'activation_function.Relu'>,<function he_initializer at 0x000001DF462D6EE0>,"(15, 15, 15)"
0.69016939,0.01654612,0.47856352,0.01,0.005,0.4,<class 'activation_function.Relu'>,<function he_initializer at 0x000001DF462D6EE0>,"(10, 20, 20)"
1.31035388,0.03410165,1.88534733,0.01,0.005,0.4,<class 'activation_function.Sigmoid'>,<function he_initializer at 0x000001DF462D6EE0>,"(5, 5, 5)"
1.31340348,0.03360002,1.9418481,0.01,0.005,0.4,<class 'activation_function.Sigmoid'>,<function he_initializer at 0x000001DF462D6EE0>,"(10, 10, 10)"
1.31583481,0.03285562,1.87885793,0.01,0.005,0.4,<class 'activation_function.Sigmoid'>,<function he_initializer at 0x000001DF462D6EE0>,"(15, 15, 15)"
1.31488771,0.03295449,1.80796381,0.01,0.005,0.4,<class 'activation_function.Sigmoid'>,<function he_initializer at 0x000001DF462D6EE0>,"(10, 20, 20)"
0.73234295,0.01708944,0.59306671,0.01,0.005,0.8,<class 'activation_function.TanH'>,<function xavier_initializer at 0x000001DF462D6E50>,"(5, 5, 5)"
0.65467785,0.01442182,0.42759012,0.01,0.005,0.8,<class 'activation_function.TanH'>,<function xavier_initializer at 0x000001DF462D6E50>,"(10, 10, 10)"
0.62517097,0.01367411,0.38939463,0.01,0.005,0.8,<class 'activation_function.TanH'>,<function xavier_initializer at 0x000001DF462D6E50>,"(15, 15, 15)"
0.72554934,0.01337863,0.66114045,0.01,0.005,0.8,<class 'activation_function.Relu'>,<function xavier_initializer at 0x000001DF462D6E50>,"(5, 5, 5)"
0.60987085,0.01337854,0.36033467,0.01,0.005,0.8,<class 'activation_function.TanH'>,<function xavier_initializer at 0x000001DF462D6E50>,"(10, 20, 20)"
0.61001986,0.01375139,0.47528427,0.01,0.005,0.8,<class 'activation_function.Relu'>,<function xavier_initializer at 0x000001DF462D6E50>,"(10, 10, 10)"
0.64342847,0.01160177,0.52837215,0.01,0.005,0.8,<class 'activation_function.Relu'>,<function xavier_initializer at 0x000001DF462D6E50>,"(15, 15, 15)"
1.3178545,0.03249953,1.98454749,0.01,0.005,0.8,<class 'activation_function.Sigmoid'>,<function xavier_initializer at 0x000001DF462D6E50>,"(5, 5, 5)"
0.59994552,0.01164943,0.40822926,0.01,0.005,0.8,<class 'activation_function.Relu'>,<function xavier_initializer at 0x000001DF462D6E50>,"(10, 20, 20)"
1.31619448,0.03288409,1.94964969,0.01,0.005,0.8,<class 'activation_function.Sigmoid'>,<function xavier_initializer at 0x000001DF462D6E50>,"(10, 10, 10)"
1.31560478,0.03299072,1.9142041,0.01,0.005,0.8,<class 'activation_function.Sigmoid'>,<function xavier_initializer at 0x000001DF462D6E50>,"(15, 15, 15)"
1.31609527,0.03290333,1.94149877,0.01,0.005,0.8,<class 'activation_function.Sigmoid'>,<function xavier_initializer at 0x000001DF462D6E50>,"(10, 20, 20)"
0.72750425,0.01607807,0.54752525,0.01,0.005,0.8,<class 'activation_function.TanH'>,<function he_initializer at 0x000001DF462D6EE0>,"(5, 5, 5)"
0.64661617,0.01421112,0.4594042,0.01,0.005,0.8,<class 'activation_function.TanH'>,<function he_initializer at 0x000001DF462D6EE0>,"(10, 10, 10)"
0.61821223,0.01283354,0.40065901,0.01,0.005,0.8,<class 'activation_function.TanH'>,<function he_initializer at 0x000001DF462D6EE0>,"(15, 15, 15)"
0.68038013,0.01651614,0.58354177,0.01,0.005,0.8,<class 'activation_function.Relu'>,<function he_initializer at 0x000001DF462D6EE0>,"(5, 5, 5)"
0.61786332,0.0126814,0.33886526,0.01,0.005,0.8,<class 'activation_function.TanH'>,<function he_initializer at 0x000001DF462D6EE0>,"(10, 20, 20)"
0.61731489,0.01132865,0.46243639,0.01,0.005,0.8,<class 'activation_function.Relu'>,<function he_initializer at 0x000001DF462D6EE0>,"(10, 10, 10)"
0.6053046,0.01146143,0.43237233,0.01,0.005,0.8,<class 'activation_function.Relu'>,<function he_initializer at 0x000001DF462D6EE0>,"(15, 15, 15)"
1.31734071,0.03257942,1.88848844,0.01,0.005,0.8,<class 'activation_function.Sigmoid'>,<function he_initializer at 0x000001DF462D6EE0>,"(5, 5, 5)"
0.6016237,0.01189271,0.39776651,0.01,0.005,0.8,<class 'activation_function.Relu'>,<function he_initializer at 0x000001DF462D6EE0>,"(10, 20, 20)"
1.31667473,0.03283901,1.97848441,0.01,0.005,0.8,<class 'activation_function.Sigmoid'>,<function he_initializer at 0x000001DF462D6EE0>,"(10, 10, 10)"
1.31509201,0.03274892,1.80228646,0.01,0.005,0.8,<class 'activation_function.Sigmoid'>,<function he_initializer at 0x000001DF462D6EE0>,"(15, 15, 15)"
1.31560477,0.03273879,1.88745078,0.01,0.005,0.8,<class 'activation_function.Sigmoid'>,<function he_initializer at 0x000001DF462D6EE0>,"(10, 20, 20)"
1.30599902,0.03587249,1.40002355,0.01,0.01,0,<class 'activation_function.TanH'>,<function xavier_initializer at 0x000001DF462D6E50>,"(5, 5, 5)"
1.27610784,0.0448235,1.07061368,0.01,0.01,0,<class 'activation_function.TanH'>,<function xavier_initializer at 0x000001DF462D6E50>,"(10, 10, 10)"
1.19285079,0.05415756,0.89093865,0.01,0.01,0,<class 'activation_function.TanH'>,<function xavier_initializer at 0x000001DF462D6E50>,"(15, 15, 15)"
1.31671259,0.03279895,1.99521774,0.01,0.01,0,<class 'activation_function.Relu'>,<function xavier_initializer at 0x000001DF462D6E50>,"(5, 5, 5)"
1.16477739,0.05348781,0.53450432,0.01,0.01,0,<class 'activation_function.TanH'>,<function xavier_initializer at 0x000001DF462D6E50>,"(10, 20, 20)"
1.31662711,0.03284524,1.6833697,0.01,0.01,0,<class 'activation_function.Relu'>,<function xavier_initializer at 0x000001DF462D6E50>,"(10, 10, 10)"
1.31707521,0.03270342,1.91347919,0.01,0.01,0,<class 'activation_function.Relu'>,<function xavier_initializer at 0x000001DF462D6E50>,"(15, 15, 15)"
1.31630833,0.0329206,1.57637002,0.01,0.01,0,<class 'activation_function.Relu'>,<function xavier_initializer at 0x000001DF462D6E50>,"(10, 20, 20)"
1.31564517,0.0331409,1.98201001,0.01,0.01,0,<class 'activation_function.Sigmoid'>,<function xavier_initializer at 0x000001DF462D6E50>,"(5, 5, 5)"
1.31532207,0.0332263,1.92998019,0.01,0.01,0,<class 'activation_function.Sigmoid'>,<function xavier_initializer at 0x000001DF462D6E50>,"(10, 10, 10)"
1.31566268,0.03314532,1.96685599,0.01,0.01,0,<class 'activation_function.Sigmoid'>,<function xavier_initializer at 0x000001DF462D6E50>,"(15, 15, 15)"
1.31794486,0.03258852,1.99967541,0.01,0.01,0,<class 'activation_function.Sigmoid'>,<function xavier_initializer at 0x000001DF462D6E50>,"(10, 20, 20)"
1.30392184,0.03579332,0.90440322,0.01,0.01,0,<class 'activation_function.TanH'>,<function he_initializer at 0x000001DF462D6EE0>,"(5, 5, 5)"
1.23318041,0.04945779,0.76053966,0.01,0.01,0,<class 'activation_function.TanH'>,<function he_initializer at 0x000001DF462D6EE0>,"(10, 10, 10)"
1.18280327,0.05113125,0.59858277,0.01,0.01,0,<class 'activation_function.TanH'>,<function he_initializer at 0x000001DF462D6EE0>,"(15, 15, 15)"
1.3164811,0.03287815,1.68670177,0.01,0.01,0,<class 'activation_function.Relu'>,<function he_initializer at 0x000001DF462D6EE0>,"(5, 5, 5)"
1.1658063,0.05114315,0.65698287,0.01,0.01,0,<class 'activation_function.TanH'>,<function he_initializer at 0x000001DF462D6EE0>,"(10, 20, 20)"
1.31633527,0.03296658,1.41134751,0.01,0.01,0,<class 'activation_function.Relu'>,<function he_initializer at 0x000001DF462D6EE0>,"(10, 10, 10)"
1.3119853,0.03418553,1.12172092,0.01,0.01,0,<class 'activation_function.Relu'>,<function he_initializer at 0x000001DF462D6EE0>,"(15, 15, 15)"
1.31164657,0.03400994,2.00192262,0.01,0.01,0,<class 'activation_function.Sigmoid'>,<function he_initializer at 0x000001DF462D6EE0>,"(5, 5, 5)"
1.31255189,0.03392927,0.97422739,0.01,0.01,0,<class 'activation_function.Relu'>,<function he_initializer at 0x000001DF462D6EE0>,"(10, 20, 20)"
1.31639533,0.03294237,1.95572326,0.01,0.01,0,<class 'activation_function.Sigmoid'>,<function he_initializer at 0x000001DF462D6EE0>,"(10, 10, 10)"
1.31894981,0.03240779,1.80615029,0.01,0.01,0,<class 'activation_function.Sigmoid'>,<function he_initializer at 0x000001DF462D6EE0>,"(15, 15, 15)"
1.31777657,0.03263722,1.7642859,0.01,0.01,0,<class 'activation_function.Sigmoid'>,<function he_initializer at 0x000001DF462D6EE0>,"(10, 20, 20)"
1.01877323,0.03577422,0.78218024,0.01,0.01,0.4,<class 'activation_function.TanH'>,<function xavier_initializer at 0x000001DF462D6E50>,"(5, 5, 5)"
0.94791235,0.03247106,1.02909409,0.01,0.01,0.4,<class 'activation_function.TanH'>,<function xavier_initializer at 0x000001DF462D6E50>,"(10, 10, 10)"
0.92039067,0.03065281,0.62564034,0.01,0.01,0.4,<class 'activation_function.TanH'>,<function xavier_initializer at 0x000001DF462D6E50>,"(15, 15, 15)"
1.31642249,0.03287311,1.80657267,0.01,0.01,0.4,<class 'activation_function.Relu'>,<function xavier_initializer at 0x000001DF462D6E50>,"(5, 5, 5)"
0.91200319,0.03027331,0.65113501,0.01,0.01,0.4,<class 'activation_function.TanH'>,<function xavier_initializer at 0x000001DF462D6E50>,"(10, 20, 20)"
1.11594471,0.0687917,1.26750487,0.01,0.01,0.4,<class 'activation_function.Relu'>,<function xavier_initializer at 0x000001DF462D6E50>,"(10, 10, 10)"
0.98396428,0.04360911,1.14048554,0.01,0.01,0.4,<class 'activation_function.Relu'>,<function xavier_initializer at 0x000001DF462D6E50>,"(15, 15, 15)"
1.11511715,0.06909891,1.18888638,0.01,0.01,0.4,<class 'activation_function.Relu'>,<function xavier_initializer at 0x000001DF462D6E50>,"(10, 20, 20)"
1.31654571,0.0328542,1.99238907,0.01,0.01,0.4,<class 'activation_function.Sigmoid'>,<function xavier_initializer at 0x000001DF462D6E50>,"(5, 5, 5)"
1.31738083,0.03267381,1.99964948,0.01,0.01,0.4,<class 'activation_function.Sigmoid'>,<function xavier_initializer at 0x000001DF462D6E50>,"(10, 10, 10)"
1.31726204,0.03275066,1.99953265,0.01,0.01,0.4,<class 'activation_function.Sigmoid'>,<function xavier_initializer at 0x000001DF462D6E50>,"(15, 15, 15)"
1.316356,0.03295168,1.83506485,0.01,0.01,0.4,<class 'activation_function.Sigmoid'>,<function xavier_initializer at 0x000001DF462D6E50>,"(10, 20, 20)"
1.02456889,0.04043813,0.87041991,0.01,0.01,0.4,<class 'activation_function.TanH'>,<function he_initializer at 0x000001DF462D6EE0>,"(5, 5, 5)"
0.95051945,0.03278714,0.65607998,0.01,0.01,0.4,<class 'activation_function.TanH'>,<function he_initializer at 0x000001DF462D6EE0>,"(10, 10, 10)"
0.91511567,0.0302474,0.61417634,0.01,0.01,0.4,<class 'activation_function.TanH'>,<function he_initializer at 0x000001DF462D6EE0>,"(15, 15, 15)"
1.31670923,0.03279353,1.83533427,0.01,0.01,0.4,<class 'activation_function.Relu'>,<function he_initializer at 0x000001DF462D6EE0>,"(5, 5, 5)"
0.91285549,0.03022815,0.53578743,0.01,0.01,0.4,<class 'activation_function.TanH'>,<function he_initializer at 0x000001DF462D6EE0>,"(10, 20, 20)"
1.05689076,0.05800838,0.97695893,0.01,0.01,0.4,<class 'activation_function.Relu'>,<function he_initializer at 0x000001DF462D6EE0>,"(10, 10, 10)"
1.0300606,0.05270192,1.10333566,0.01,0.01,0.4,<class 'activation_function.Relu'>,<function he_initializer at 0x000001DF462D6EE0>,"(15, 15, 15)"
1.32084957,0.03198834,1.88153136,0.01,0.01,0.4,<class 'activation_function.Sigmoid'>,<function he_initializer at 0x000001DF462D6EE0>,"(5, 5, 5)"
1.11919524,0.05476002,1.05263933,0.01,0.01,0.4,<class 'activation_function.Relu'>,<function he_initializer at 0x000001DF462D6EE0>,"(10, 20, 20)"
1.31748542,0.03258783,1.99452212,0.01,0.01,0.4,<class 'activation_function.Sigmoid'>,<function he_initializer at 0x000001DF462D6EE0>,"(10, 10, 10)"
1.31704542,0.03279522,1.92312161,0.01,0.01,0.4,<class 'activation_function.Sigmoid'>,<function he_initializer at 0x000001DF462D6EE0>,"(15, 15, 15)"
1.31860452,0.03240392,1.8961339,0.01,0.01,0.4,<class 'activation_function.Sigmoid'>,<function he_initializer at 0x000001DF462D6EE0>,"(10, 20, 20)"
0.90887643,0.02858459,0.87608216,0.01,0.01,0.8,<class 'activation_function.TanH'>,<function xavier_initializer at 0x000001DF462D6E50>,"(5, 5, 5)"
0.86666591,0.02555611,0.90937528,0.01,0.01,0.8,<class 'activation_function.TanH'>,<function xavier_initializer at 0x000001DF462D6E50>,"(10, 10, 10)"
0.83922489,0.02303923,0.66599081,0.01,0.01,0.8,<class 'activation_function.TanH'>,<function xavier_initializer at 0x000001DF462D6E50>,"(15, 15, 15)"
0.84329609,0.02497456,0.86346019,0.01,0.01,0.8,<class 'activation_function.Relu'>,<function xavier_initializer at 0x000001DF462D6E50>,"(5, 5, 5)"
0.86917529,0.03031611,0.92876498,0.01,0.01,0.8,<class 'activation_function.Relu'>,<function xavier_initializer at 0x000001DF462D6E50>,"(10, 10, 10)"
0.829479,0.02188454,0.46074971,0.01,0.01,0.8,<class 'activation_function.TanH'>,<function xavier_initializer at 0x000001DF462D6E50>,"(10, 20, 20)"
0.84712757,0.02561172,0.87417361,0.01,0.01,0.8,<class 'activation_function.Relu'>,<function xavier_initializer at 0x000001DF462D6E50>,"(15, 15, 15)"
0.85027252,0.02553384,0.73008147,0.01,0.01,0.8,<class 'activation_function.Relu'>,<function xavier_initializer at 0x000001DF462D6E50>,"(10, 20, 20)"
1.31511138,0.03325392,2.0002128,0.01,0.01,0.8,<class 'activation_function.Sigmoid'>,<function xavier_initializer at 0x000001DF462D6E50>,"(5, 5, 5)"
1.31839894,0.03246815,1.96841266,0.01,0.01,0.8,<class 'activation_function.Sigmoid'>,<function xavier_initializer at 0x000001DF462D6E50>,"(10, 10, 10)"
1.31699352,0.03281139,1.96373177,0.01,0.01,0.8,<class 'activation_function.Sigmoid'>,<function xavier_initializer at 0x000001DF462D6E50>,"(15, 15, 15)"
1.31786704,0.03256015,1.98029716,0.01,0.01,0.8,<class 'activation_function.Sigmoid'>,<function xavier_initializer at 0x000001DF462D6E50>,"(10, 20, 20)"
0.89221388,0.02701433,0.6613538,0.01,0.01,0.8,<class 'activation_function.TanH'>,<function he_initializer at 0x000001DF462D6EE0>,"(5, 5, 5)"
0.85527852,0.02452359,0.72494386,0.01,0.01,0.8,<class 'activation_function.TanH'>,<function he_initializer at 0x000001DF462D6EE0>,"(10, 10, 10)"
0.83867375,0.02279462,0.58641338,0.01,0.01,0.8,<class 'activation_function.TanH'>,<function he_initializer at 0x000001DF462D6EE0>,"(15, 15, 15)"
0.8426412,0.024845,0.86339359,0.01,0.01,0.8,<class 'activation_function.Relu'>,<function he_initializer at 0x000001DF462D6EE0>,"(5, 5, 5)"
0.8281783,0.02185341,0.44341463,0.01,0.01,0.8,<class 'activation_function.TanH'>,<function he_initializer at 0x000001DF462D6EE0>,"(10, 20, 20)"
0.84917842,0.02595473,0.66468246,0.01,0.01,0.8,<class 'activation_function.Relu'>,<function he_initializer at 0x000001DF462D6EE0>,"(10, 10, 10)"
0.85361006,0.0263982,0.55847616,0.01,0.01,0.8,<class 'activation_function.Relu'>,<function he_initializer at 0x000001DF462D6EE0>,"(15, 15, 15)"
1.31639666,0.03294577,1.974516,0.01,0.01,0.8,<class 'activation_function.Sigmoid'>,<function he_initializer at 0x000001DF462D6EE0>,"(5, 5, 5)"
0.8549136,0.02616376,0.57998495,0.01,0.01,0.8,<class 'activation_function.Relu'>,<function he_initializer at 0x000001DF462D6EE0>,"(10, 20, 20)"
1.31737049,0.03267765,1.87664837,0.01,0.01,0.8,<class 'activation_function.Sigmoid'>,<function he_initializer at 0x000001DF462D6EE0>,"(10, 10, 10)"
1.31864325,0.03237556,1.79387565,0.01,0.01,0.8,<class 'activation_function.Sigmoid'>,<function he_initializer at 0x000001DF462D6EE0>,"(15, 15, 15)"
1.31541959,0.03311119,1.9537304,0.01,0.01,0.8,<class 'activation_function.Sigmoid'>,<function he_initializer at 0x000001DF462D6EE0>,"(10, 20, 20)"
0.34615454,0.00970419,0.16655094,0.05,0,0,<class 'activation_function.TanH'>,<function xavier_initializer at 0x000001DF462D6E50>,"(5, 5, 5)"
0.32535207,0.00541344,0.14871389,0.05,0,0,<class 'activation_function.TanH'>,<function xavier_initializer at 0x000001DF462D6E50>,"(10, 10, 10)"
0.3442432,0.00707045,0.15930787,0.05,0,0,<class 'activation_function.TanH'>,<function xavier_initializer at 0x000001DF462D6E50>,"(15, 15, 15)"
0.37874498,0.00507052,0.1995301,0.05,0,0,<class 'activation_function.Relu'>,<function xavier_initializer at 0x000001DF462D6E50>,"(5, 5, 5)"
0.34735638,0.00767699,0.16398589,0.05,0,0,<class 'activation_function.TanH'>,<function xavier_initializer at 0x000001DF462D6E50>,"(10, 20, 20)"
0.31596726,0.01035936,0.146718,0.05,0,0,<class 'activation_function.Relu'>,<function xavier_initializer at 0x000001DF462D6E50>,"(10, 10, 10)"
0.31980839,0.0107269,0.14878602,0.05,0,0,<class 'activation_function.Relu'>,<function xavier_initializer at 0x000001DF462D6E50>,"(15, 15, 15)"
0.70975851,0.00399349,0.65114886,0.05,0,0,<class 'activation_function.Sigmoid'>,<function xavier_initializer at 0x000001DF462D6E50>,"(5, 5, 5)"
0.31572094,0.01378673,0.14145813,0.05,0,0,<class 'activation_function.Relu'>,<function xavier_initializer at 0x000001DF462D6E50>,"(10, 20, 20)"
0.54485625,0.00559715,0.39190492,0.05,0,0,<class 'activation_function.Sigmoid'>,<function xavier_initializer at 0x000001DF462D6E50>,"(10, 10, 10)"
0.50460057,0.00437135,0.33488162,0.05,0,0,<class 'activation_function.Sigmoid'>,<function xavier_initializer at 0x000001DF462D6E50>,"(15, 15, 15)"
0.48621681,0.00806375,0.30839695,0.05,0,0,<class 'activation_function.Sigmoid'>,<function xavier_initializer at 0x000001DF462D6E50>,"(10, 20, 20)"
0.3556296,0.00690047,0.17201488,0.05,0,0,<class 'activation_function.TanH'>,<function he_initializer at 0x000001DF462D6EE0>,"(5, 5, 5)"
0.37489116,0.00242698,0.18689537,0.05,0,0,<class 'activation_function.TanH'>,<function he_initializer at 0x000001DF462D6EE0>,"(10, 10, 10)"
0.35438495,0.00554525,0.1653215,0.05,0,0,<class 'activation_function.TanH'>,<function he_initializer at 0x000001DF462D6EE0>,"(15, 15, 15)"
0.36262852,0.00463036,0.18457987,0.05,0,0,<class 'activation_function.Relu'>,<function he_initializer at 0x000001DF462D6EE0>,"(5, 5, 5)"
0.33928675,0.00991439,0.15619551,0.05,0,0,<class 'activation_function.TanH'>,<function he_initializer at 0x000001DF462D6EE0>,"(10, 20, 20)"
0.3374957,0.00647044,0.15731078,0.05,0,0,<class 'activation_function.Relu'>,<function he_initializer at 0x000001DF462D6EE0>,"(10, 10, 10)"
0.33449689,0.01099799,0.1482635,0.05,0,0,<class 'activation_function.Relu'>,<function he_initializer at 0x000001DF462D6EE0>,"(15, 15, 15)"
0.45362182,0.00677527,0.27725744,0.05,0,0,<class 'activation_function.Sigmoid'>,<function he_initializer at 0x000001DF462D6EE0>,"(5, 5, 5)"
0.32635855,0.02076598,0.14513901,0.05,0,0,<class 'activation_function.Relu'>,<function he_initializer at 0x000001DF462D6EE0>,"(10, 20, 20)"
0.45372605,0.00260864,0.27399667,0.05,0,0,<class 'activation_function.Sigmoid'>,<function he_initializer at 0x000001DF462D6EE0>,"(10, 10, 10)"
0.46423577,0.00612074,0.29021235,0.05,0,0,<class 'activation_function.Sigmoid'>,<function he_initializer at 0x000001DF462D6EE0>,"(15, 15, 15)"
0.45146015,0.00766622,0.26459647,0.05,0,0,<class 'activation_function.Sigmoid'>,<function he_initializer at 0x000001DF462D6EE0>,"(10, 20, 20)"
0.3256633,0.00971589,0.15269395,0.05,0,0.4,<class 'activation_function.TanH'>,<function xavier_initializer at 0x000001DF462D6E50>,"(5, 5, 5)"
0.32574522,0.01111838,0.15237609,0.05,0,0.4,<class 'activation_function.TanH'>,<function xavier_initializer at 0x000001DF462D6E50>,"(10, 10, 10)"
0.30885509,0.00655033,0.13633309,0.05,0,0.4,<class 'activation_function.TanH'>,<function xavier_initializer at 0x000001DF462D6E50>,"(15, 15, 15)"
0.35153769,0.01105684,0.17342488,0.05,0,0.4,<class 'activation_function.Relu'>,<function xavier_initializer at 0x000001DF462D6E50>,"(5, 5, 5)"
0.32065859,0.01096912,0.14458426,0.05,0,0.4,<class 'activation_function.TanH'>,<function xavier_initializer at 0x000001DF462D6E50>,"(10, 20, 20)"
0.30895597,0.0127939,0.1372489,0.05,0,0.4,<class 'activation_function.Relu'>,<function xavier_initializer at 0x000001DF462D6E50>,"(10, 10, 10)"
0.3262615,0.01451377,0.14818625,0.05,0,0.4,<class 'activation_function.Relu'>,<function xavier_initializer at 0x000001DF462D6E50>,"(15, 15, 15)"
0.63205984,0.00848824,0.51916371,0.05,0,0.4,<class 'activation_function.Sigmoid'>,<function xavier_initializer at 0x000001DF462D6E50>,"(5, 5, 5)"
0.30884508,0.0119695,0.13536512,0.05,0,0.4,<class 'activation_function.Relu'>,<function xavier_initializer at 0x000001DF462D6E50>,"(10, 20, 20)"
0.46248642,0.00669426,0.278985,0.05,0,0.4,<class 'activation_function.Sigmoid'>,<function xavier_initializer at 0x000001DF462D6E50>,"(10, 10, 10)"
0.46090927,0.00744465,0.27381829,0.05,0,0.4,<class 'activation_function.Sigmoid'>,<function xavier_initializer at 0x000001DF462D6E50>,"(15, 15, 15)"
0.42180467,0.00616812,0.2352624,0.05,0,0.4,<class 'activation_function.Sigmoid'>,<function xavier_initializer at 0x000001DF462D6E50>,"(10, 20, 20)"
0.32357532,0.00990542,0.15634593,0.05,0,0.4,<class 'activation_function.TanH'>,<function he_initializer at 0x000001DF462D6EE0>,"(5, 5, 5)"
0.32526759,0.00659948,0.14465874,0.05,0,0.4,<class 'activation_function.TanH'>,<function he_initializer at 0x000001DF462D6EE0>,"(10, 10, 10)"
0.33053465,0.01031667,0.14733153,0.05,0,0.4,<class 'activation_function.TanH'>,<function he_initializer at 0x000001DF462D6EE0>,"(15, 15, 15)"
0.33639066,0.01451517,0.16440581,0.05,0,0.4,<class 'activation_function.Relu'>,<function he_initializer at 0x000001DF462D6EE0>,"(5, 5, 5)"
0.34365709,0.01128078,0.15517104,0.05,0,0.4,<class 'activation_function.TanH'>,<function he_initializer at 0x000001DF462D6EE0>,"(10, 20, 20)"
0.33396428,0.01355216,0.15222092,0.05,0,0.4,<class 'activation_function.Relu'>,<function he_initializer at 0x000001DF462D6EE0>,"(10, 10, 10)"
0.32575498,0.01644066,0.14302595,0.05,0,0.4,<class 'activation_function.Relu'>,<function he_initializer at 0x000001DF462D6EE0>,"(15, 15, 15)"
0.50535186,0.01081776,0.34329356,0.05,0,0.4,<class 'activation_function.Sigmoid'>,<function he_initializer at 0x000001DF462D6EE0>,"(5, 5, 5)"
0.32352749,0.01478615,0.13747829,0.05,0,0.4,<class 'activation_function.Relu'>,<function he_initializer at 0x000001DF462D6EE0>,"(10, 20, 20)"
0.38705732,0.00875622,0.20118385,0.05,0,0.4,<class 'activation_function.Sigmoid'>,<function he_initializer at 0x000001DF462D6EE0>,"(10, 10, 10)"
0.42263113,0.01299593,0.23354578,0.05,0,0.4,<class 'activation_function.Sigmoid'>,<function he_initializer at 0x000001DF462D6EE0>,"(15, 15, 15)"
0.38940525,0.00888237,0.20648407,0.05,0,0.4,<class 'activation_function.Sigmoid'>,<function he_initializer at 0x000001DF462D6EE0>,"(10, 20, 20)"
0.32471289,0.00703543,0.14824644,0.05,0,0.8,<class 'activation_function.TanH'>,<function xavier_initializer at 0x000001DF462D6E50>,"(5, 5, 5)"
0.30835487,0.00822639,0.13483212,0.05,0,0.8,<class 'activation_function.TanH'>,<function xavier_initializer at 0x000001DF462D6E50>,"(10, 10, 10)"
0.32089558,0.00385266,0.14292675,0.05,0,0.8,<class 'activation_function.TanH'>,<function xavier_initializer at 0x000001DF462D6E50>,"(15, 15, 15)"
0.32466065,0.01057633,0.14629076,0.05,0,0.8,<class 'activation_function.Relu'>,<function xavier_initializer at 0x000001DF462D6E50>,"(5, 5, 5)"
0.31327225,0.00783534,0.13712226,0.05,0,0.8,<class 'activation_function.TanH'>,<function xavier_initializer at 0x000001DF462D6E50>,"(10, 20, 20)"
0.34545364,0.01212522,0.16019771,0.05,0,0.8,<class 'activation_function.Relu'>,<function xavier_initializer at 0x000001DF462D6E50>,"(10, 10, 10)"
0.31106643,0.01142969,0.13828831,0.05,0,0.8,<class 'activation_function.Relu'>,<function xavier_initializer at 0x000001DF462D6E50>,"(15, 15, 15)"
0.30111149,0.01741837,0.13089601,0.05,0,0.8,<class 'activation_function.Relu'>,<function xavier_initializer at 0x000001DF462D6E50>,"(10, 20, 20)"
0.49902379,0.00929369,0.32690863,0.05,0,0.8,<class 'activation_function.Sigmoid'>,<function xavier_initializer at 0x000001DF462D6E50>,"(5, 5, 5)"
0.43293886,0.00673505,0.2428721,0.05,0,0.8,<class 'activation_function.Sigmoid'>,<function xavier_initializer at 0x000001DF462D6E50>,"(10, 10, 10)"
0.41553441,0.00714918,0.22582501,0.05,0,0.8,<class 'activation_function.Sigmoid'>,<function xavier_initializer at 0x000001DF462D6E50>,"(15, 15, 15)"
0.43109219,0.00616133,0.24350095,0.05,0,0.8,<class 'activation_function.Sigmoid'>,<function xavier_initializer at 0x000001DF462D6E50>,"(10, 20, 20)"
0.31837731,0.01090824,0.14543121,0.05,0,0.8,<class 'activation_function.TanH'>,<function he_initializer at 0x000001DF462D6EE0>,"(5, 5, 5)"
0.31108175,0.01673244,0.13865687,0.05,0,0.8,<class 'activation_function.TanH'>,<function he_initializer at 0x000001DF462D6EE0>,"(10, 10, 10)"
0.32226878,0.00829604,0.14246701,0.05,0,0.8,<class 'activation_function.TanH'>,<function he_initializer at 0x000001DF462D6EE0>,"(15, 15, 15)"
0.3285514,0.0139809,0.15955638,0.05,0,0.8,<class 'activation_function.Relu'>,<function he_initializer at 0x000001DF462D6EE0>,"(5, 5, 5)"
0.32037766,0.00449142,0.13986886,0.05,0,0.8,<class 'activation_function.TanH'>,<function he_initializer at 0x000001DF462D6EE0>,"(10, 20, 20)"
0.32302507,0.01784243,0.14174146,0.05,0,0.8,<class 'activation_function.Relu'>,<function he_initializer at 0x000001DF462D6EE0>,"(10, 10, 10)"
0.31257179,0.01534068,0.13497193,0.05,0,0.8,<class 'activation_function.Relu'>,<function he_initializer at 0x000001DF462D6EE0>,"(15, 15, 15)"
0.42596863,0.00486309,0.24111569,0.05,0,0.8,<class 'activation_function.Sigmoid'>,<function he_initializer at 0x000001DF462D6EE0>,"(5, 5, 5)"
0.33753253,0.00933105,0.13842498,0.05,0,0.8,<class 'activation_function.Relu'>,<function he_initializer at 0x000001DF462D6EE0>,"(10, 20, 20)"
0.40743199,0.00501425,0.21798298,0.05,0,0.8,<class 'activation_function.Sigmoid'>,<function he_initializer at 0x000001DF462D6EE0>,"(10, 10, 10)"
0.40028714,0.00698835,0.20989054,0.05,0,0.8,<class 'activation_function.Sigmoid'>,<function he_initializer at 0x000001DF462D6EE0>,"(15, 15, 15)"
0.41574498,0.00714375,0.227247,0.05,0,0.8,<class 'activation_function.Sigmoid'>,<function he_initializer at 0x000001DF462D6EE0>,"(10, 20, 20)"
0.41530203,0.00901487,0.24344265,0.05,0.005,0,<class 'activation_function.TanH'>,<function xavier_initializer at 0x000001DF462D6E50>,"(5, 5, 5)"
0.41357404,0.00856833,0.23904495,0.05,0.005,0,<class 'activation_function.TanH'>,<function xavier_initializer at 0x000001DF462D6E50>,"(10, 10, 10)"
0.42551152,0.0096289,0.24652393,0.05,0.005,0,<class 'activation_function.TanH'>,<function xavier_initializer at 0x000001DF462D6E50>,"(15, 15, 15)"
0.36434105,0.00852261,0.1903088,0.05,0.005,0,<class 'activation_function.Relu'>,<function xavier_initializer at 0x000001DF462D6E50>,"(5, 5, 5)"
0.42936392,0.00955105,0.25000748,0.05,0.005,0,<class 'activation_function.TanH'>,<function xavier_initializer at 0x000001DF462D6E50>,"(10, 20, 20)"
0.35777926,0.00817048,0.18658748,0.05,0.005,0,<class 'activation_function.Relu'>,<function xavier_initializer at 0x000001DF462D6E50>,"(10, 10, 10)"
0.35688922,0.00744194,0.18710562,0.05,0.005,0,<class 'activation_function.Relu'>,<function xavier_initializer at 0x000001DF462D6E50>,"(15, 15, 15)"
1.31581634,0.03284217,1.97237996,0.05,0.005,0,<class 'activation_function.Sigmoid'>,<function xavier_initializer at 0x000001DF462D6E50>,"(5, 5, 5)"
0.35575122,0.0081615,0.18461912,0.05,0.005,0,<class 'activation_function.Relu'>,<function xavier_initializer at 0x000001DF462D6E50>,"(10, 20, 20)"
1.18361185,0.06040268,1.64061286,0.05,0.005,0,<class 'activation_function.Sigmoid'>,<function xavier_initializer at 0x000001DF462D6E50>,"(10, 10, 10)"
0.97408842,0.04120041,1.15541726,0.05,0.005,0,<class 'activation_function.Sigmoid'>,<function xavier_initializer at 0x000001DF462D6E50>,"(15, 15, 15)"
0.90358696,0.03275798,1.0114936,0.05,0.005,0,<class 'activation_function.Sigmoid'>,<function xavier_initializer at 0x000001DF462D6E50>,"(10, 20, 20)"
0.41738791,0.00845155,0.24596731,0.05,0.005,0,<class 'activation_function.TanH'>,<function he_initializer at 0x000001DF462D6EE0>,"(5, 5, 5)"
0.42324236,0.00955679,0.24627473,0.05,0.005,0,<class 'activation_function.TanH'>,<function he_initializer at 0x000001DF462D6EE0>,"(10, 10, 10)"
0.42977408,0.00948741,0.25153704,0.05,0.005,0,<class 'activation_function.TanH'>,<function he_initializer at 0x000001DF462D6EE0>,"(15, 15, 15)"
0.37791229,0.00675589,0.20116922,0.05,0.005,0,<class 'activation_function.Relu'>,<function he_initializer at 0x000001DF462D6EE0>,"(5, 5, 5)"
0.35431281,0.0087906,0.18391684,0.05,0.005,0,<class 'activation_function.Relu'>,<function he_initializer at 0x000001DF462D6EE0>,"(10, 10, 10)"
0.4239857,0.00955919,0.23925277,0.05,0.005,0,<class 'activation_function.TanH'>,<function he_initializer at 0x000001DF462D6EE0>,"(10, 20, 20)"
0.35711507,0.00776573,0.18534085,0.05,0.005,0,<class 'activation_function.Relu'>,<function he_initializer at 0x000001DF462D6EE0>,"(15, 15, 15)"
0.3561054,0.00858215,0.18514623,0.05,0.005,0,<class 'activation_function.Relu'>,<function he_initializer at 0x000001DF462D6EE0>,"(10, 20, 20)"
1.18879164,0.05025671,1.65023965,0.05,0.005,0,<class 'activation_function.Sigmoid'>,<function he_initializer at 0x000001DF462D6EE0>,"(5, 5, 5)"
0.94981465,0.03363108,1.09902286,0.05,0.005,0,<class 'activation_function.Sigmoid'>,<function he_initializer at 0x000001DF462D6EE0>,"(10, 10, 10)"
0.8929533,0.02876341,0.98974752,0.05,0.005,0,<class 'activation_function.Sigmoid'>,<function he_initializer at 0x000001DF462D6EE0>,"(15, 15, 15)"
0.886651,0.02789829,0.97699947,0.05,0.005,0,<class 'activation_function.Sigmoid'>,<function he_initializer at 0x000001DF462D6EE0>,"(10, 20, 20)"
0.37453822,0.00975705,0.20134925,0.05,0.005,0.4,<class 'activation_function.TanH'>,<function xavier_initializer at 0x000001DF462D6E50>,"(5, 5, 5)"
0.38180732,0.00837059,0.20472899,0.05,0.005,0.4,<class 'activation_function.TanH'>,<function xavier_initializer at 0x000001DF462D6E50>,"(10, 10, 10)"
0.33158349,0.01020297,0.16534358,0.05,0.005,0.4,<class 'activation_function.Relu'>,<function xavier_initializer at 0x000001DF462D6E50>,"(5, 5, 5)"
0.38586497,0.00928164,0.20749863,0.05,0.005,0.4,<class 'activation_function.TanH'>,<function xavier_initializer at 0x000001DF462D6E50>,"(15, 15, 15)"
0.39984726,0.00900343,0.21835881,0.05,0.005,0.4,<class 'activation_function.TanH'>,<function xavier_initializer at 0x000001DF462D6E50>,"(10, 20, 20)"
0.33418916,0.00874062,0.16715216,0.05,0.005,0.4,<class 'activation_function.Relu'>,<function xavier_initializer at 0x000001DF462D6E50>,"(10, 10, 10)"
0.33243885,0.00864951,0.16556552,0.05,0.005,0.4,<class 'activation_function.Relu'>,<function xavier_initializer at 0x000001DF462D6E50>,"(15, 15, 15)"
0.87714809,0.02759459,0.9591455,0.05,0.005,0.4,<class 'activation_function.Sigmoid'>,<function xavier_initializer at 0x000001DF462D6E50>,"(5, 5, 5)"
0.32966234,0.00895091,0.16341583,0.05,0.005,0.4,<class 'activation_function.Relu'>,<function xavier_initializer at 0x000001DF462D6E50>,"(10, 20, 20)"
0.82032984,0.02117041,0.85260228,0.05,0.005,0.4,<class 'activation_function.Sigmoid'>,<function xavier_initializer at 0x000001DF462D6E50>,"(10, 10, 10)"
0.81082725,0.02021733,0.83740246,0.05,0.005,0.4,<class 'activation_function.Sigmoid'>,<function xavier_initializer at 0x000001DF462D6E50>,"(15, 15, 15)"
0.7999865,0.01869673,0.81797115,0.05,0.005,0.4,<class 'activation_function.Sigmoid'>,<function xavier_initializer at 0x000001DF462D6E50>,"(10, 20, 20)"
0.38882124,0.0097398,0.21361544,0.05,0.005,0.4,<class 'activation_function.TanH'>,<function he_initializer at 0x000001DF462D6EE0>,"(5, 5, 5)"
0.37491675,0.00937033,0.20005538,0.05,0.005,0.4,<class 'activation_function.TanH'>,<function he_initializer at 0x000001DF462D6EE0>,"(10, 10, 10)"
0.37480549,0.00871797,0.19883436,0.05,0.005,0.4,<class 'activation_function.TanH'>,<function he_initializer at 0x000001DF462D6EE0>,"(15, 15, 15)"
0.36585614,0.00921848,0.19445395,0.05,0.005,0.4,<class 'activation_function.Relu'>,<function he_initializer at 0x000001DF462D6EE0>,"(5, 5, 5)"
0.38615016,0.00956465,0.20699601,0.05,0.005,0.4,<class 'activation_function.TanH'>,<function he_initializer at 0x000001DF462D6EE0>,"(10, 20, 20)"
0.33436708,0.00927285,0.16646402,0.05,0.005,0.4,<class 'activation_function.Relu'>,<function he_initializer at 0x000001DF462D6EE0>,"(10, 10, 10)"
0.33256215,0.00933657,0.16520095,0.05,0.005,0.4,<class 'activation_function.Relu'>,<function he_initializer at 0x000001DF462D6EE0>,"(15, 15, 15)"
0.85797021,0.02409685,0.91672902,0.05,0.005,0.4,<class 'activation_function.Sigmoid'>,<function he_initializer at 0x000001DF462D6EE0>,"(5, 5, 5)"
0.33331837,0.00852398,0.16535237,0.05,0.005,0.4,<class 'activation_function.Relu'>,<function he_initializer at 0x000001DF462D6EE0>,"(10, 20, 20)"
0.82406544,0.02155387,0.85894086,0.05,0.005,0.4,<class 'activation_function.Sigmoid'>,<function he_initializer at 0x000001DF462D6EE0>,"(10, 10, 10)"
0.80627439,0.01973434,0.81819087,0.05,0.005,0.4,<class 'activation_function.Sigmoid'>,<function he_initializer at 0x000001DF462D6EE0>,"(15, 15, 15)"
0.80192532,0.01927114,0.81917533,0.05,0.005,0.4,<class 'activation_function.Sigmoid'>,<function he_initializer at 0x000001DF462D6EE0>,"(10, 20, 20)"
0.35108249,0.00933896,0.17814767,0.05,0.005,0.8,<class 'activation_function.TanH'>,<function xavier_initializer at 0x000001DF462D6E50>,"(5, 5, 5)"
0.36707947,0.00996448,0.18933004,0.05,0.005,0.8,<class 'activation_function.TanH'>,<function xavier_initializer at 0x000001DF462D6E50>,"(10, 10, 10)"
0.36799207,0.01001448,0.18954438,0.05,0.005,0.8,<class 'activation_function.TanH'>,<function xavier_initializer at 0x000001DF462D6E50>,"(15, 15, 15)"
0.32378974,0.01103138,0.15980318,0.05,0.005,0.8,<class 'activation_function.Relu'>,<function xavier_initializer at 0x000001DF462D6E50>,"(5, 5, 5)"
0.37461384,0.00882769,0.19541328,0.05,0.005,0.8,<class 'activation_function.TanH'>,<function xavier_initializer at 0x000001DF462D6E50>,"(10, 20, 20)"
0.33550085,0.00797649,0.16550901,0.05,0.005,0.8,<class 'activation_function.Relu'>,<function xavier_initializer at 0x000001DF462D6E50>,"(10, 10, 10)"
0.32071611,0.01086504,0.15672653,0.05,0.005,0.8,<class 'activation_function.Relu'>,<function xavier_initializer at 0x000001DF462D6E50>,"(15, 15, 15)"
0.83191606,0.02486545,0.86713663,0.05,0.005,0.8,<class 'activation_function.Sigmoid'>,<function xavier_initializer at 0x000001DF462D6E50>,"(5, 5, 5)"
0.32091041,0.01001527,0.15597579,0.05,0.005,0.8,<class 'activation_function.Relu'>,<function xavier_initializer at 0x000001DF462D6E50>,"(10, 20, 20)"
0.77946549,0.01658175,0.77809276,0.05,0.005,0.8,<class 'activation_function.Sigmoid'>,<function xavier_initializer at 0x000001DF462D6E50>,"(10, 10, 10)"
0.77279783,0.01604883,0.76792163,0.05,0.005,0.8,<class 'activation_function.Sigmoid'>,<function xavier_initializer at 0x000001DF462D6E50>,"(15, 15, 15)"
0.76705094,0.0149519,0.75903823,0.05,0.005,0.8,<class 'activation_function.Sigmoid'>,<function xavier_initializer at 0x000001DF462D6E50>,"(10, 20, 20)"
0.37261337,0.00587412,0.19429278,0.05,0.005,0.8,<class 'activation_function.TanH'>,<function he_initializer at 0x000001DF462D6EE0>,"(5, 5, 5)"
0.35865999,0.00896786,0.18329721,0.05,0.005,0.8,<class 'activation_function.TanH'>,<function he_initializer at 0x000001DF462D6EE0>,"(10, 10, 10)"
0.3878849,0.00986978,0.20341415,0.05,0.005,0.8,<class 'activation_function.TanH'>,<function he_initializer at 0x000001DF462D6EE0>,"(15, 15, 15)"
0.32544033,0.01020411,0.15930852,0.05,0.005,0.8,<class 'activation_function.Relu'>,<function he_initializer at 0x000001DF462D6EE0>,"(5, 5, 5)"
0.38996127,0.00791613,0.20664931,0.05,0.005,0.8,<class 'activation_function.TanH'>,<function he_initializer at 0x000001DF462D6EE0>,"(10, 20, 20)"
0.32183807,0.00817577,0.15581299,0.05,0.005,0.8,<class 'activation_function.Relu'>,<function he_initializer at 0x000001DF462D6EE0>,"(10, 10, 10)"
0.322068,0.00948652,0.15698986,0.05,0.005,0.8,<class 'activation_function.Relu'>,<function he_initializer at 0x000001DF462D6EE0>,"(15, 15, 15)"
0.32158607,0.01060144,0.15645924,0.05,0.005,0.8,<class 'activation_function.Relu'>,<function he_initializer at 0x000001DF462D6EE0>,"(10, 20, 20)"
0.80826105,0.01945719,0.82568921,0.05,0.005,0.8,<class 'activation_function.Sigmoid'>,<function he_initializer at 0x000001DF462D6EE0>,"(5, 5, 5)"
0.77996498,0.01681683,0.78014795,0.05,0.005,0.8,<class 'activation_function.Sigmoid'>,<function he_initializer at 0x000001DF462D6EE0>,"(10, 10, 10)"
0.76925696,0.01551848,0.7609184,0.05,0.005,0.8,<class 'activation_function.Sigmoid'>,<function he_initializer at 0x000001DF462D6EE0>,"(15, 15, 15)"
0.75014535,0.014612,0.63921269,0.05,0.005,0.8,<class 'activation_function.Sigmoid'>,<function he_initializer at 0x000001DF462D6EE0>,"(10, 20, 20)"
0.55390795,0.01302927,0.41193965,0.05,0.01,0,<class 'activation_function.TanH'>,<function xavier_initializer at 0x000001DF462D6E50>,"(5, 5, 5)"
0.51926425,0.01207138,0.36561086,0.05,0.01,0,<class 'activation_function.TanH'>,<function xavier_initializer at 0x000001DF462D6E50>,"(10, 10, 10)"
0.52046814,0.01088739,0.36800954,0.05,0.01,0,<class 'activation_function.TanH'>,<function xavier_initializer at 0x000001DF462D6E50>,"(15, 15, 15)"
0.44673397,0.00725389,0.27838459,0.05,0.01,0,<class 'activation_function.Relu'>,<function xavier_initializer at 0x000001DF462D6E50>,"(5, 5, 5)"
0.51005417,0.01084828,0.33871689,0.05,0.01,0,<class 'activation_function.TanH'>,<function xavier_initializer at 0x000001DF462D6E50>,"(10, 20, 20)"
0.46722833,0.00565803,0.29616613,0.05,0.01,0,<class 'activation_function.Relu'>,<function xavier_initializer at 0x000001DF462D6E50>,"(10, 10, 10)"
0.45716262,0.00682033,0.28686853,0.05,0.01,0,<class 'activation_function.Relu'>,<function xavier_initializer at 0x000001DF462D6E50>,"(15, 15, 15)"
1.31686458,0.03275191,1.91632376,0.05,0.01,0,<class 'activation_function.Sigmoid'>,<function xavier_initializer at 0x000001DF462D6E50>,"(5, 5, 5)"
0.44832862,0.00701983,0.27907029,0.05,0.01,0,<class 'activation_function.Relu'>,<function xavier_initializer at 0x000001DF462D6E50>,"(10, 20, 20)"
1.31695036,0.03275754,1.95031907,0.05,0.01,0,<class 'activation_function.Sigmoid'>,<function xavier_initializer at 0x000001DF462D6E50>,"(10, 10, 10)"
1.31668063,0.03283066,1.90046477,0.05,0.01,0,<class 'activation_function.Sigmoid'>,<function xavier_initializer at 0x000001DF462D6E50>,"(15, 15, 15)"
1.31683734,0.0327693,1.86758174,0.05,0.01,0,<class 'activation_function.Sigmoid'>,<function xavier_initializer at 0x000001DF462D6E50>,"(10, 20, 20)"
0.56452423,0.01327551,0.42571454,0.05,0.01,0,<class 'activation_function.TanH'>,<function he_initializer at 0x000001DF462D6EE0>,"(5, 5, 5)"
0.52039582,0.01107337,0.36805963,0.05,0.01,0,<class 'activation_function.TanH'>,<function he_initializer at 0x000001DF462D6EE0>,"(10, 10, 10)"
0.52033951,0.01142414,0.36474342,0.05,0.01,0,<class 'activation_function.TanH'>,<function he_initializer at 0x000001DF462D6EE0>,"(15, 15, 15)"
0.46253068,0.00586978,0.29085063,0.05,0.01,0,<class 'activation_function.Relu'>,<function he_initializer at 0x000001DF462D6EE0>,"(5, 5, 5)"
0.51285014,0.01114684,0.32871991,0.05,0.01,0,<class 'activation_function.TanH'>,<function he_initializer at 0x000001DF462D6EE0>,"(10, 20, 20)"
0.47211728,0.00622989,0.29994622,0.05,0.01,0,<class 'activation_function.Relu'>,<function he_initializer at 0x000001DF462D6EE0>,"(10, 10, 10)"
0.44936876,0.00729679,0.27792253,0.05,0.01,0,<class 'activation_function.Relu'>,<function he_initializer at 0x000001DF462D6EE0>,"(15, 15, 15)"
1.31681772,0.03276009,1.91479048,0.05,0.01,0,<class 'activation_function.Sigmoid'>,<function he_initializer at 0x000001DF462D6EE0>,"(5, 5, 5)"
0.45096643,0.00666877,0.27976075,0.05,0.01,0,<class 'activation_function.Relu'>,<function he_initializer at 0x000001DF462D6EE0>,"(10, 20, 20)"
1.31708229,0.03269449,1.76681856,0.05,0.01,0,<class 'activation_function.Sigmoid'>,<function he_initializer at 0x000001DF462D6EE0>,"(10, 10, 10)"
1.31613404,0.03292014,1.54610772,0.05,0.01,0,<class 'activation_function.Sigmoid'>,<function he_initializer at 0x000001DF462D6EE0>,"(15, 15, 15)"
1.31620264,0.03293243,1.66929405,0.05,0.01,0,<class 'activation_function.Sigmoid'>,<function he_initializer at 0x000001DF462D6EE0>,"(10, 20, 20)"
0.46538406,0.01115537,0.30086302,0.05,0.01,0.4,<class 'activation_function.TanH'>,<function xavier_initializer at 0x000001DF462D6E50>,"(5, 5, 5)"
0.44712449,0.0100185,0.27759068,0.05,0.01,0.4,<class 'activation_function.TanH'>,<function xavier_initializer at 0x000001DF462D6E50>,"(10, 10, 10)"
0.45094034,0.01015067,0.27852417,0.05,0.01,0.4,<class 'activation_function.TanH'>,<function xavier_initializer at 0x000001DF462D6E50>,"(15, 15, 15)"
0.43224315,0.00729379,0.26160741,0.05,0.01,0.4,<class 'activation_function.Relu'>,<function xavier_initializer at 0x000001DF462D6E50>,"(5, 5, 5)"
0.45573539,0.01042328,0.28212672,0.05,0.01,0.4,<class 'activation_function.TanH'>,<function xavier_initializer at 0x000001DF462D6E50>,"(10, 20, 20)"
0.38932746,0.00664252,0.21982994,0.05,0.01,0.4,<class 'activation_function.Relu'>,<function xavier_initializer at 0x000001DF462D6E50>,"(10, 10, 10)"
0.39045488,0.0069033,0.21995372,0.05,0.01,0.4,<class 'activation_function.Relu'>,<function xavier_initializer at 0x000001DF462D6E50>,"(15, 15, 15)"
0.38803841,0.00687487,0.21862571,0.05,0.01,0.4,<class 'activation_function.Relu'>,<function xavier_initializer at 0x000001DF462D6E50>,"(10, 20, 20)"
1.31746981,0.03262337,1.86795548,0.05,0.01,0.4,<class 'activation_function.Sigmoid'>,<function xavier_initializer at 0x000001DF462D6E50>,"(5, 5, 5)"
1.31663498,0.03281152,1.9427158,0.05,0.01,0.4,<class 'activation_function.Sigmoid'>,<function xavier_initializer at 0x000001DF462D6E50>,"(10, 10, 10)"
1.31681668,0.03283676,1.80195361,0.05,0.01,0.4,<class 'activation_function.Sigmoid'>,<function xavier_initializer at 0x000001DF462D6E50>,"(15, 15, 15)"
1.31396543,0.03437906,1.76012654,0.05,0.01,0.4,<class 'activation_function.Sigmoid'>,<function xavier_initializer at 0x000001DF462D6E50>,"(10, 20, 20)"
0.48603541,0.02006587,0.32203636,0.05,0.01,0.4,<class 'activation_function.TanH'>,<function he_initializer at 0x000001DF462D6EE0>,"(5, 5, 5)"
0.44652564,0.01036997,0.27745369,0.05,0.01,0.4,<class 'activation_function.TanH'>,<function he_initializer at 0x000001DF462D6EE0>,"(10, 10, 10)"
0.44335269,0.0098593,0.27181624,0.05,0.01,0.4,<class 'activation_function.TanH'>,<function he_initializer at 0x000001DF462D6EE0>,"(15, 15, 15)"
0.40330794,0.00837911,0.23334198,0.05,0.01,0.4,<class 'activation_function.Relu'>,<function he_initializer at 0x000001DF462D6EE0>,"(5, 5, 5)"
0.45479792,0.0102981,0.28076353,0.05,0.01,0.4,<class 'activation_function.TanH'>,<function he_initializer at 0x000001DF462D6EE0>,"(10, 20, 20)"
0.38656482,0.00746611,0.21612011,0.05,0.01,0.4,<class 'activation_function.Relu'>,<function he_initializer at 0x000001DF462D6EE0>,"(10, 10, 10)"
0.38843466,0.00668453,0.21886271,0.05,0.01,0.4,<class 'activation_function.Relu'>,<function he_initializer at 0x000001DF462D6EE0>,"(15, 15, 15)"
1.3163188,0.03289488,1.82883025,0.05,0.01,0.4,<class 'activation_function.Sigmoid'>,<function he_initializer at 0x000001DF462D6EE0>,"(5, 5, 5)"
0.39010854,0.00682582,0.21922856,0.05,0.01,0.4,<class 'activation_function.Relu'>,<function he_initializer at 0x000001DF462D6EE0>,"(10, 20, 20)"
1.3158524,0.03310717,1.78857462,0.05,0.01,0.4,<class 'activation_function.Sigmoid'>,<function he_initializer at 0x000001DF462D6EE0>,"(10, 10, 10)"
1.23981037,0.06911708,1.64039154,0.05,0.01,0.4,<class 'activation_function.Sigmoid'>,<function he_initializer at 0x000001DF462D6EE0>,"(15, 15, 15)"
1.10166823,0.06254428,1.41101593,0.05,0.01,0.4,<class 'activation_function.Sigmoid'>,<function he_initializer at 0x000001DF462D6EE0>,"(10, 20, 20)"
0.42518672,0.00997897,0.25439051,0.05,0.01,0.8,<class 'activation_function.TanH'>,<function xavier_initializer at 0x000001DF462D6E50>,"(5, 5, 5)"
0.40252161,0.00909074,0.23039158,0.05,0.01,0.8,<class 'activation_function.TanH'>,<function xavier_initializer at 0x000001DF462D6E50>,"(10, 10, 10)"
0.41847918,0.00992334,0.24168098,0.05,0.01,0.8,<class 'activation_function.TanH'>,<function xavier_initializer at 0x000001DF462D6E50>,"(15, 15, 15)"
0.36984113,0.00815293,0.20184105,0.05,0.01,0.8,<class 'activation_function.Relu'>,<function xavier_initializer at 0x000001DF462D6E50>,"(5, 5, 5)"
0.43033045,0.01010737,0.25157393,0.05,0.01,0.8,<class 'activation_function.TanH'>,<function xavier_initializer at 0x000001DF462D6E50>,"(10, 20, 20)"
0.36192756,0.00746144,0.19385998,0.05,0.01,0.8,<class 'activation_function.Relu'>,<function xavier_initializer at 0x000001DF462D6E50>,"(10, 10, 10)"
0.36223818,0.0072457,0.19393341,0.05,0.01,0.8,<class 'activation_function.Relu'>,<function xavier_initializer at 0x000001DF462D6E50>,"(15, 15, 15)"
1.31623826,0.03291401,1.92028937,0.05,0.01,0.8,<class 'activation_function.Sigmoid'>,<function xavier_initializer at 0x000001DF462D6E50>,"(5, 5, 5)"
0.36186804,0.00792865,0.19322486,0.05,0.01,0.8,<class 'activation_function.Relu'>,<function xavier_initializer at 0x000001DF462D6E50>,"(10, 20, 20)"
1.31667524,0.03283253,1.9083244,0.05,0.01,0.8,<class 'activation_function.Sigmoid'>,<function xavier_initializer at 0x000001DF462D6E50>,"(10, 10, 10)"
1.03881551,0.14367016,1.2953992,0.05,0.01,0.8,<class 'activation_function.Sigmoid'>,<function xavier_initializer at 0x000001DF462D6E50>,"(15, 15, 15)"
0.90616169,0.02985273,1.01500675,0.05,0.01,0.8,<class 'activation_function.Sigmoid'>,<function xavier_initializer at 0x000001DF462D6E50>,"(10, 20, 20)"
0.42236007,0.00978576,0.25217463,0.05,0.01,0.8,<class 'activation_function.TanH'>,<function he_initializer at 0x000001DF462D6EE0>,"(5, 5, 5)"
0.40568031,0.00843822,0.23307645,0.05,0.01,0.8,<class 'activation_function.TanH'>,<function he_initializer at 0x000001DF462D6EE0>,"(10, 10, 10)"
0.41741404,0.00926827,0.24020416,0.05,0.01,0.8,<class 'activation_function.TanH'>,<function he_initializer at 0x000001DF462D6EE0>,"(15, 15, 15)"
0.36364649,0.00802832,0.19405702,0.05,0.01,0.8,<class 'activation_function.Relu'>,<function he_initializer at 0x000001DF462D6EE0>,"(5, 5, 5)"
0.42345857,0.00952995,0.24531401,0.05,0.01,0.8,<class 'activation_function.TanH'>,<function he_initializer at 0x000001DF462D6EE0>,"(10, 20, 20)"
0.3628251,0.00792519,0.19358315,0.05,0.01,0.8,<class 'activation_function.Relu'>,<function he_initializer at 0x000001DF462D6EE0>,"(10, 10, 10)"
0.3629803,0.00741241,0.19405416,0.05,0.01,0.8,<class 'activation_function.Relu'>,<function he_initializer at 0x000001DF462D6EE0>,"(15, 15, 15)"
1.0493314,0.04488162,1.31509745,0.05,0.01,0.8,<class 'activation_function.Sigmoid'>,<function he_initializer at 0x000001DF462D6EE0>,"(5, 5, 5)"
0.36073727,0.00771886,0.19154863,0.05,0.01,0.8,<class 'activation_function.Relu'>,<function he_initializer at 0x000001DF462D6EE0>,"(10, 20, 20)"
0.97243648,0.03648226,1.14830365,0.05,0.01,0.8,<class 'activation_function.Sigmoid'>,<function he_initializer at 0x000001DF462D6EE0>,"(10, 10, 10)"
0.93200749,0.0327041,1.0651214,0.05,0.01,0.8,<class 'activation_function.Sigmoid'>,<function he_initializer at 0x000001DF462D6EE0>,"(15, 15, 15)"
0.90738157,0.02971174,1.0170289,0.05,0.01,0.8,<class 'activation_function.Sigmoid'>,<function he_initializer at 0x000001DF462D6EE0>,"(10, 20, 20)"
0.33007549,0.00663071,0.14757214,0.1,0,0,<class 'activation_function.TanH'>,<function xavier_initializer at 0x000001DF462D6E50>,"(5, 5, 5)"
0.30380454,0.01081272,0.13291139,0.1,0,0,<class 'activation_function.TanH'>,<function xavier_initializer at 0x000001DF462D6E50>,"(10, 10, 10)"
0.31371282,0.0068074,0.13890324,0.1,0,0,<class 'activation_function.TanH'>,<function xavier_initializer at 0x000001DF462D6E50>,"(15, 15, 15)"
0.31752046,0.01059905,0.1459686,0.1,0,0,<class 'activation_function.Relu'>,<function xavier_initializer at 0x000001DF462D6E50>,"(5, 5, 5)"
0.30606421,0.00638663,0.1332761,0.1,0,0,<class 'activation_function.TanH'>,<function xavier_initializer at 0x000001DF462D6E50>,"(10, 20, 20)"
0.29728941,0.01122904,0.13052824,0.1,0,0,<class 'activation_function.Relu'>,<function xavier_initializer at 0x000001DF462D6E50>,"(10, 10, 10)"
0.30845534,0.01770742,0.13477102,0.1,0,0,<class 'activation_function.Relu'>,<function xavier_initializer at 0x000001DF462D6E50>,"(15, 15, 15)"
0.30471644,0.01296063,0.12712939,0.1,0,0,<class 'activation_function.Relu'>,<function xavier_initializer at 0x000001DF462D6E50>,"(10, 20, 20)"
0.3584344,0.00796224,0.18778778,0.1,0,0,<class 'activation_function.Sigmoid'>,<function xavier_initializer at 0x000001DF462D6E50>,"(5, 5, 5)"
0.38271127,0.00942875,0.20592437,0.1,0,0,<class 'activation_function.Sigmoid'>,<function xavier_initializer at 0x000001DF462D6E50>,"(10, 10, 10)"
0.40647773,0.00656324,0.21806246,0.1,0,0,<class 'activation_function.Sigmoid'>,<function xavier_initializer at 0x000001DF462D6E50>,"(15, 15, 15)"
0.40738524,0.00860058,0.21564098,0.1,0,0,<class 'activation_function.Sigmoid'>,<function xavier_initializer at 0x000001DF462D6E50>,"(10, 20, 20)"
0.31464776,0.00863152,0.13951899,0.1,0,0,<class 'activation_function.TanH'>,<function he_initializer at 0x000001DF462D6EE0>,"(5, 5, 5)"
0.29884301,0.01136111,0.12832582,0.1,0,0,<class 'activation_function.TanH'>,<function he_initializer at 0x000001DF462D6EE0>,"(10, 10, 10)"
0.31430034,0.00382457,0.13474792,0.1,0,0,<class 'activation_function.TanH'>,<function he_initializer at 0x000001DF462D6EE0>,"(15, 15, 15)"
0.30690768,0.01288112,0.14315588,0.1,0,0,<class 'activation_function.Relu'>,<function he_initializer at 0x000001DF462D6EE0>,"(5, 5, 5)"
0.30370024,0.0065931,0.12531173,0.1,0,0,<class 'activation_function.TanH'>,<function he_initializer at 0x000001DF462D6EE0>,"(10, 20, 20)"
0.3081162,0.01448798,0.13686445,0.1,0,0,<class 'activation_function.Relu'>,<function he_initializer at 0x000001DF462D6EE0>,"(10, 10, 10)"
0.31385301,0.01419694,0.13692963,0.1,0,0,<class 'activation_function.Relu'>,<function he_initializer at 0x000001DF462D6EE0>,"(15, 15, 15)"
0.39392289,0.00706182,0.21573233,0.1,0,0,<class 'activation_function.Sigmoid'>,<function he_initializer at 0x000001DF462D6EE0>,"(5, 5, 5)"
0.32043283,0.01386763,0.13162294,0.1,0,0,<class 'activation_function.Relu'>,<function he_initializer at 0x000001DF462D6EE0>,"(10, 20, 20)"
0.39598632,0.01217058,0.2139563,0.1,0,0,<class 'activation_function.Sigmoid'>,<function he_initializer at 0x000001DF462D6EE0>,"(10, 10, 10)"
0.4051908,0.00737556,0.21356854,0.1,0,0,<class 'activation_function.Sigmoid'>,<function he_initializer at 0x000001DF462D6EE0>,"(15, 15, 15)"
0.38879198,0.00615432,0.2039789,0.1,0,0,<class 'activation_function.Sigmoid'>,<function he_initializer at 0x000001DF462D6EE0>,"(10, 20, 20)"
0.30642945,0.01323969,0.1366637,0.1,0,0.4,<class 'activation_function.TanH'>,<function xavier_initializer at 0x000001DF462D6E50>,"(5, 5, 5)"
0.30640739,0.00897941,0.13486834,0.1,0,0.4,<class 'activation_function.TanH'>,<function xavier_initializer at 0x000001DF462D6E50>,"(10, 10, 10)"
0.29912062,0.01047474,0.12621106,0.1,0,0.4,<class 'activation_function.TanH'>,<function xavier_initializer at 0x000001DF462D6E50>,"(15, 15, 15)"
0.31996046,0.00629975,0.14237378,0.1,0,0.4,<class 'activation_function.Relu'>,<function xavier_initializer at 0x000001DF462D6E50>,"(5, 5, 5)"
0.29489737,0.00676586,0.123321,0.1,0,0.4,<class 'activation_function.TanH'>,<function xavier_initializer at 0x000001DF462D6E50>,"(10, 20, 20)"
0.29751893,0.01317129,0.13075508,0.1,0,0.4,<class 'activation_function.Relu'>,<function xavier_initializer at 0x000001DF462D6E50>,"(10, 10, 10)"
0.29223565,0.01176839,0.12385814,0.1,0,0.4,<class 'activation_function.Relu'>,<function xavier_initializer at 0x000001DF462D6E50>,"(15, 15, 15)"
0.42563342,0.00427872,0.23445186,0.1,0,0.4,<class 'activation_function.Sigmoid'>,<function xavier_initializer at 0x000001DF462D6E50>,"(5, 5, 5)"
0.29163271,0.01225977,0.12026033,0.1,0,0.4,<class 'activation_function.Relu'>,<function xavier_initializer at 0x000001DF462D6E50>,"(10, 20, 20)"
0.39224274,0.00636495,0.20690752,0.1,0,0.4,<class 'activation_function.Sigmoid'>,<function xavier_initializer at 0x000001DF462D6E50>,"(10, 10, 10)"
0.38311973,0.00904285,0.19556454,0.1,0,0.4,<class 'activation_function.Sigmoid'>,<function xavier_initializer at 0x000001DF462D6E50>,"(15, 15, 15)"
0.36430202,0.01019646,0.18087015,0.1,0,0.4,<class 'activation_function.Sigmoid'>,<function xavier_initializer at 0x000001DF462D6E50>,"(10, 20, 20)"
0.2847644,0.01365203,0.12162052,0.1,0,0.4,<class 'activation_function.TanH'>,<function he_initializer at 0x000001DF462D6EE0>,"(5, 5, 5)"
0.29604258,0.01135151,0.12575097,0.1,0,0.4,<class 'activation_function.TanH'>,<function he_initializer at 0x000001DF462D6EE0>,"(10, 10, 10)"
0.30220497,0.00513605,0.11853545,0.1,0,0.4,<class 'activation_function.TanH'>,<function he_initializer at 0x000001DF462D6EE0>,"(15, 15, 15)"
0.32801571,0.01357694,0.15272294,0.1,0,0.4,<class 'activation_function.Relu'>,<function he_initializer at 0x000001DF462D6EE0>,"(5, 5, 5)"
0.31605354,0.00939166,0.13106797,0.1,0,0.4,<class 'activation_function.TanH'>,<function he_initializer at 0x000001DF462D6EE0>,"(10, 20, 20)"
0.30861255,0.01196281,0.13161601,0.1,0,0.4,<class 'activation_function.Relu'>,<function he_initializer at 0x000001DF462D6EE0>,"(10, 10, 10)"
0.31193688,0.01651632,0.12992269,0.1,0,0.4,<class 'activation_function.Relu'>,<function he_initializer at 0x000001DF462D6EE0>,"(15, 15, 15)"
0.31391056,0.01353797,0.13000051,0.1,0,0.4,<class 'activation_function.Relu'>,<function he_initializer at 0x000001DF462D6EE0>,"(10, 20, 20)"
0.3525664,0.00555068,0.17671784,0.1,0,0.4,<class 'activation_function.Sigmoid'>,<function he_initializer at 0x000001DF462D6EE0>,"(5, 5, 5)"
0.34328851,0.00829419,0.16529316,0.1,0,0.4,<class 'activation_function.Sigmoid'>,<function he_initializer at 0x000001DF462D6EE0>,"(10, 10, 10)"
0.37492823,0.00492969,0.18671909,0.1,0,0.4,<class 'activation_function.Sigmoid'>,<function he_initializer at 0x000001DF462D6EE0>,"(15, 15, 15)"
0.35894002,0.00751352,0.17655729,0.1,0,0.4,<class 'activation_function.Sigmoid'>,<function he_initializer at 0x000001DF462D6EE0>,"(10, 20, 20)"
0.28175037,0.00871514,0.1195485,0.1,0,0.8,<class 'activation_function.TanH'>,<function xavier_initializer at 0x000001DF462D6E50>,"(5, 5, 5)"
0.2870978,0.00525612,0.12147361,0.1,0,0.8,<class 'activation_function.TanH'>,<function xavier_initializer at 0x000001DF462D6E50>,"(10, 10, 10)"
0.29053239,0.00514526,0.12102501,0.1,0,0.8,<class 'activation_function.TanH'>,<function xavier_initializer at 0x000001DF462D6E50>,"(15, 15, 15)"
0.30267004,0.01191154,0.13489637,0.1,0,0.8,<class 'activation_function.Relu'>,<function xavier_initializer at 0x000001DF462D6E50>,"(5, 5, 5)"
0.28284069,0.00498305,0.11472809,0.1,0,0.8,<class 'activation_function.TanH'>,<function xavier_initializer at 0x000001DF462D6E50>,"(10, 20, 20)"
0.31090592,0.0160472,0.13172428,0.1,0,0.8,<class 'activation_function.Relu'>,<function xavier_initializer at 0x000001DF462D6E50>,"(10, 10, 10)"
0.29084113,0.01355084,0.11852531,0.1,0,0.8,<class 'activation_function.Relu'>,<function xavier_initializer at 0x000001DF462D6E50>,"(15, 15, 15)"
0.36499868,0.00750467,0.18469306,0.1,0,0.8,<class 'activation_function.Sigmoid'>,<function xavier_initializer at 0x000001DF462D6E50>,"(5, 5, 5)"
0.29896905,0.01005967,0.12561015,0.1,0,0.8,<class 'activation_function.Relu'>,<function xavier_initializer at 0x000001DF462D6E50>,"(10, 20, 20)"
0.3374781,0.00964245,0.16309779,0.1,0,0.8,<class 'activation_function.Sigmoid'>,<function xavier_initializer at 0x000001DF462D6E50>,"(10, 10, 10)"
0.32722419,0.01053255,0.1552322,0.1,0,0.8,<class 'activation_function.Sigmoid'>,<function xavier_initializer at 0x000001DF462D6E50>,"(15, 15, 15)"
0.35119861,0.00953518,0.1712782,0.1,0,0.8,<class 'activation_function.Sigmoid'>,<function xavier_initializer at 0x000001DF462D6E50>,"(10, 20, 20)"
0.30758079,0.01384831,0.13722433,0.1,0,0.8,<class 'activation_function.TanH'>,<function he_initializer at 0x000001DF462D6EE0>,"(5, 5, 5)"
0.30626335,0.00582992,0.13181383,0.1,0,0.8,<class 'activation_function.TanH'>,<function he_initializer at 0x000001DF462D6EE0>,"(10, 10, 10)"
0.29056083,0.00978921,0.11673009,0.1,0,0.8,<class 'activation_function.TanH'>,<function he_initializer at 0x000001DF462D6EE0>,"(15, 15, 15)"
0.32705114,0.00776791,0.1435006,0.1,0,0.8,<class 'activation_function.Relu'>,<function he_initializer at 0x000001DF462D6EE0>,"(5, 5, 5)"
0.30438783,0.00254577,0.12053828,0.1,0,0.8,<class 'activation_function.TanH'>,<function he_initializer at 0x000001DF462D6EE0>,"(10, 20, 20)"
0.29270667,0.00945139,0.12588805,0.1,0,0.8,<class 'activation_function.Relu'>,<function he_initializer at 0x000001DF462D6EE0>,"(10, 10, 10)"
0.30395037,0.01636441,0.12186844,0.1,0,0.8,<class 'activation_function.Relu'>,<function he_initializer at 0x000001DF462D6EE0>,"(15, 15, 15)"
0.32163861,0.01242338,0.15051967,0.1,0,0.8,<class 'activation_function.Sigmoid'>,<function he_initializer at 0x000001DF462D6EE0>,"(5, 5, 5)"
0.30414425,0.01490434,0.11789831,0.1,0,0.8,<class 'activation_function.Relu'>,<function he_initializer at 0x000001DF462D6EE0>,"(10, 20, 20)"
0.3570608,0.00834408,0.17478167,0.1,0,0.8,<class 'activation_function.Sigmoid'>,<function he_initializer at 0x000001DF462D6EE0>,"(10, 10, 10)"
0.35656069,0.01107198,0.17661409,0.1,0,0.8,<class 'activation_function.Sigmoid'>,<function he_initializer at 0x000001DF462D6EE0>,"(15, 15, 15)"
0.33667669,0.00473758,0.15890389,0.1,0,0.8,<class 'activation_function.Sigmoid'>,<function he_initializer at 0x000001DF462D6EE0>,"(10, 20, 20)"
0.34958304,0.00902426,0.1756538,0.1,0.005,0,<class 'activation_function.TanH'>,<function xavier_initializer at 0x000001DF462D6E50>,"(5, 5, 5)"
0.36279509,0.00910752,0.18270131,0.1,0.005,0,<class 'activation_function.TanH'>,<function xavier_initializer at 0x000001DF462D6E50>,"(10, 10, 10)"
0.37003552,0.00907478,0.18920778,0.1,0.005,0,<class 'activation_function.TanH'>,<function xavier_initializer at 0x000001DF462D6E50>,"(15, 15, 15)"
0.37355547,0.01792636,0.19788052,0.1,0.005,0,<class 'activation_function.Relu'>,<function xavier_initializer at 0x000001DF462D6E50>,"(5, 5, 5)"
0.37584296,0.00845976,0.19407417,0.1,0.005,0,<class 'activation_function.TanH'>,<function xavier_initializer at 0x000001DF462D6E50>,"(10, 20, 20)"
0.32015723,0.00981925,0.15472076,0.1,0.005,0,<class 'activation_function.Relu'>,<function xavier_initializer at 0x000001DF462D6E50>,"(10, 10, 10)"
0.31565195,0.01044157,0.15223213,0.1,0.005,0,<class 'activation_function.Relu'>,<function xavier_initializer at 0x000001DF462D6E50>,"(15, 15, 15)"
0.79588886,0.01832804,0.80732419,0.1,0.005,0,<class 'activation_function.Sigmoid'>,<function xavier_initializer at 0x000001DF462D6E50>,"(5, 5, 5)"
0.31799656,0.00915581,0.15203577,0.1,0.005,0,<class 'activation_function.Relu'>,<function xavier_initializer at 0x000001DF462D6E50>,"(10, 20, 20)"
0.77570328,0.01650402,0.77002853,0.1,0.005,0,<class 'activation_function.Sigmoid'>,<function xavier_initializer at 0x000001DF462D6E50>,"(10, 10, 10)"
0.76308872,0.0145878,0.75133402,0.1,0.005,0,<class 'activation_function.Sigmoid'>,<function xavier_initializer at 0x000001DF462D6E50>,"(15, 15, 15)"
0.75606012,0.0135434,0.73845703,0.1,0.005,0,<class 'activation_function.Sigmoid'>,<function xavier_initializer at 0x000001DF462D6E50>,"(10, 20, 20)"
0.34963722,0.00945125,0.17628079,0.1,0.005,0,<class 'activation_function.TanH'>,<function he_initializer at 0x000001DF462D6EE0>,"(5, 5, 5)"
0.35829402,0.00866277,0.18120102,0.1,0.005,0,<class 'activation_function.TanH'>,<function he_initializer at 0x000001DF462D6EE0>,"(10, 10, 10)"
0.36434008,0.00860334,0.18497983,0.1,0.005,0,<class 'activation_function.TanH'>,<function he_initializer at 0x000001DF462D6EE0>,"(15, 15, 15)"
0.32606902,0.00909287,0.16043936,0.1,0.005,0,<class 'activation_function.Relu'>,<function he_initializer at 0x000001DF462D6EE0>,"(5, 5, 5)"
0.38712576,0.00849993,0.2029684,0.1,0.005,0,<class 'activation_function.TanH'>,<function he_initializer at 0x000001DF462D6EE0>,"(10, 20, 20)"
0.31780804,0.01072514,0.15360021,0.1,0.005,0,<class 'activation_function.Relu'>,<function he_initializer at 0x000001DF462D6EE0>,"(10, 10, 10)"
0.31823805,0.01029412,0.15362324,0.1,0.005,0,<class 'activation_function.Relu'>,<function he_initializer at 0x000001DF462D6EE0>,"(15, 15, 15)"
0.31767029,0.00974155,0.15211222,0.1,0.005,0,<class 'activation_function.Relu'>,<function he_initializer at 0x000001DF462D6EE0>,"(10, 20, 20)"
0.79492636,0.01862342,0.79864748,0.1,0.005,0,<class 'activation_function.Sigmoid'>,<function he_initializer at 0x000001DF462D6EE0>,"(5, 5, 5)"
0.76287142,0.01469844,0.74760894,0.1,0.005,0,<class 'activation_function.Sigmoid'>,<function he_initializer at 0x000001DF462D6EE0>,"(10, 10, 10)"
0.7564246,0.01440821,0.73179868,0.1,0.005,0,<class 'activation_function.Sigmoid'>,<function he_initializer at 0x000001DF462D6EE0>,"(15, 15, 15)"
0.74157897,0.01423136,0.6933219,0.1,0.005,0,<class 'activation_function.Sigmoid'>,<function he_initializer at 0x000001DF462D6EE0>,"(10, 20, 20)"
0.33859969,0.00787778,0.16326741,0.1,0.005,0.4,<class 'activation_function.TanH'>,<function xavier_initializer at 0x000001DF462D6E50>,"(5, 5, 5)"
0.33781986,0.0095265,0.16401335,0.1,0.005,0.4,<class 'activation_function.TanH'>,<function xavier_initializer at 0x000001DF462D6E50>,"(10, 10, 10)"
0.34511502,0.01026646,0.16868376,0.1,0.005,0.4,<class 'activation_function.TanH'>,<function xavier_initializer at 0x000001DF462D6E50>,"(15, 15, 15)"
0.37055303,0.0054489,0.191098,0.1,0.005,0.4,<class 'activation_function.Relu'>,<function xavier_initializer at 0x000001DF462D6E50>,"(5, 5, 5)"
0.35093571,0.00957162,0.17400566,0.1,0.005,0.4,<class 'activation_function.TanH'>,<function xavier_initializer at 0x000001DF462D6E50>,"(10, 20, 20)"
0.3068781,0.01187649,0.14548545,0.1,0.005,0.4,<class 'activation_function.Relu'>,<function xavier_initializer at 0x000001DF462D6E50>,"(10, 10, 10)"
0.30857955,0.01093292,0.14634278,0.1,0.005,0.4,<class 'activation_function.Relu'>,<function xavier_initializer at 0x000001DF462D6E50>,"(15, 15, 15)"
0.74652535,0.01317721,0.71625193,0.1,0.005,0.4,<class 'activation_function.Sigmoid'>,<function xavier_initializer at 0x000001DF462D6E50>,"(5, 5, 5)"
0.31157666,0.00972712,0.14834177,0.1,0.005,0.4,<class 'activation_function.Relu'>,<function xavier_initializer at 0x000001DF462D6E50>,"(10, 20, 20)"
0.73487217,0.01111474,0.69896417,0.1,0.005,0.4,<class 'activation_function.Sigmoid'>,<function xavier_initializer at 0x000001DF462D6E50>,"(10, 10, 10)"
0.72538345,0.01044229,0.67746092,0.1,0.005,0.4,<class 'activation_function.Sigmoid'>,<function xavier_initializer at 0x000001DF462D6E50>,"(15, 15, 15)"
0.67136745,0.01837854,0.58516423,0.1,0.005,0.4,<class 'activation_function.Sigmoid'>,<function xavier_initializer at 0x000001DF462D6E50>,"(10, 20, 20)"
0.33168578,0.00979113,0.16040509,0.1,0.005,0.4,<class 'activation_function.TanH'>,<function he_initializer at 0x000001DF462D6EE0>,"(5, 5, 5)"
0.34227644,0.00927156,0.16706965,0.1,0.005,0.4,<class 'activation_function.TanH'>,<function he_initializer at 0x000001DF462D6EE0>,"(10, 10, 10)"
0.33737488,0.0098266,0.16324768,0.1,0.005,0.4,<class 'activation_function.TanH'>,<function he_initializer at 0x000001DF462D6EE0>,"(15, 15, 15)"
0.35496051,0.00864287,0.18196155,0.1,0.005,0.4,<class 'activation_function.Relu'>,<function he_initializer at 0x000001DF462D6EE0>,"(5, 5, 5)"
0.34699647,0.00982707,0.17056066,0.1,0.005,0.4,<class 'activation_function.TanH'>,<function he_initializer at 0x000001DF462D6EE0>,"(10, 20, 20)"
0.31112367,0.0101152,0.14675509,0.1,0.005,0.4,<class 'activation_function.Relu'>,<function he_initializer at 0x000001DF462D6EE0>,"(10, 10, 10)"
0.30652183,0.01134615,0.14346329,0.1,0.005,0.4,<class 'activation_function.Relu'>,<function he_initializer at 0x000001DF462D6EE0>,"(15, 15, 15)"
0.73694562,0.01364693,0.69974462,0.1,0.005,0.4,<class 'activation_function.Sigmoid'>,<function he_initializer at 0x000001DF462D6EE0>,"(5, 5, 5)"
0.30639663,0.01138712,0.14347515,0.1,0.005,0.4,<class 'activation_function.Relu'>,<function he_initializer at 0x000001DF462D6EE0>,"(10, 20, 20)"
0.73286084,0.01174057,0.69400495,0.1,0.005,0.4,<class 'activation_function.Sigmoid'>,<function he_initializer at 0x000001DF462D6EE0>,"(10, 10, 10)"
0.59558145,0.01453923,0.46762756,0.1,0.005,0.4,<class 'activation_function.Sigmoid'>,<function he_initializer at 0x000001DF462D6EE0>,"(15, 15, 15)"
0.55527479,0.01110637,0.41201454,0.1,0.005,0.4,<class 'activation_function.Sigmoid'>,<function he_initializer at 0x000001DF462D6EE0>,"(10, 20, 20)"
0.32407508,0.01068846,0.15253679,0.1,0.005,0.8,<class 'activation_function.TanH'>,<function xavier_initializer at 0x000001DF462D6E50>,"(5, 5, 5)"
0.32767356,0.01039684,0.15626592,0.1,0.005,0.8,<class 'activation_function.TanH'>,<function xavier_initializer at 0x000001DF462D6E50>,"(10, 10, 10)"
0.33085462,0.01078403,0.15836737,0.1,0.005,0.8,<class 'activation_function.TanH'>,<function xavier_initializer at 0x000001DF462D6E50>,"(15, 15, 15)"
0.30808709,0.01258305,0.14620814,0.1,0.005,0.8,<class 'activation_function.Relu'>,<function xavier_initializer at 0x000001DF462D6E50>,"(5, 5, 5)"
0.33388662,0.01076462,0.16055579,0.1,0.005,0.8,<class 'activation_function.TanH'>,<function xavier_initializer at 0x000001DF462D6E50>,"(10, 20, 20)"
0.30378356,0.01194428,0.14322019,0.1,0.005,0.8,<class 'activation_function.Relu'>,<function xavier_initializer at 0x000001DF462D6E50>,"(10, 10, 10)"
0.30182571,0.01231396,0.13994416,0.1,0.005,0.8,<class 'activation_function.Relu'>,<function xavier_initializer at 0x000001DF462D6E50>,"(15, 15, 15)"
0.72232506,0.01044637,0.67309489,0.1,0.005,0.8,<class 'activation_function.Sigmoid'>,<function xavier_initializer at 0x000001DF462D6E50>,"(5, 5, 5)"
0.30020558,0.01136371,0.13853536,0.1,0.005,0.8,<class 'activation_function.Relu'>,<function xavier_initializer at 0x000001DF462D6E50>,"(10, 20, 20)"
0.71261385,0.0093167,0.65779734,0.1,0.005,0.8,<class 'activation_function.Sigmoid'>,<function xavier_initializer at 0x000001DF462D6E50>,"(10, 10, 10)"
0.5521641,0.02135019,0.4041329,0.1,0.005,0.8,<class 'activation_function.Sigmoid'>,<function xavier_initializer at 0x000001DF462D6E50>,"(15, 15, 15)"
0.49280503,0.00972356,0.32966551,0.1,0.005,0.8,<class 'activation_function.Sigmoid'>,<function xavier_initializer at 0x000001DF462D6E50>,"(10, 20, 20)"
0.32367096,0.0101466,0.15385666,0.1,0.005,0.8,<class 'activation_function.TanH'>,<function he_initializer at 0x000001DF462D6EE0>,"(5, 5, 5)"
0.33117724,0.01018516,0.15839946,0.1,0.005,0.8,<class 'activation_function.TanH'>,<function he_initializer at 0x000001DF462D6EE0>,"(10, 10, 10)"
0.33686506,0.01003216,0.16146087,0.1,0.005,0.8,<class 'activation_function.TanH'>,<function he_initializer at 0x000001DF462D6EE0>,"(15, 15, 15)"
0.30950298,0.01158435,0.1455707,0.1,0.005,0.8,<class 'activation_function.Relu'>,<function he_initializer at 0x000001DF462D6EE0>,"(5, 5, 5)"
0.33609378,0.01030994,0.16173868,0.1,0.005,0.8,<class 'activation_function.TanH'>,<function he_initializer at 0x000001DF462D6EE0>,"(10, 20, 20)"
0.29972841,0.01146706,0.1392704,0.1,0.005,0.8,<class 'activation_function.Relu'>,<function he_initializer at 0x000001DF462D6EE0>,"(10, 10, 10)"
0.30176508,0.0122418,0.14073087,0.1,0.005,0.8,<class 'activation_function.Relu'>,<function he_initializer at 0x000001DF462D6EE0>,"(15, 15, 15)"
0.72368284,0.01019138,0.67552482,0.1,0.005,0.8,<class 'activation_function.Sigmoid'>,<function he_initializer at 0x000001DF462D6EE0>,"(5, 5, 5)"
0.3022506,0.01166391,0.14027226,0.1,0.005,0.8,<class 'activation_function.Relu'>,<function he_initializer at 0x000001DF462D6EE0>,"(10, 20, 20)"
0.50046214,0.01092412,0.34209779,0.1,0.005,0.8,<class 'activation_function.Sigmoid'>,<function he_initializer at 0x000001DF462D6EE0>,"(10, 10, 10)"
0.49714552,0.0101002,0.33462205,0.1,0.005,0.8,<class 'activation_function.Sigmoid'>,<function he_initializer at 0x000001DF462D6EE0>,"(15, 15, 15)"
0.49043318,0.01084671,0.32488736,0.1,0.005,0.8,<class 'activation_function.Sigmoid'>,<function he_initializer at 0x000001DF462D6EE0>,"(10, 20, 20)"
0.40888545,0.01042257,0.23463254,0.1,0.01,0,<class 'activation_function.TanH'>,<function xavier_initializer at 0x000001DF462D6E50>,"(5, 5, 5)"
0.39537193,0.00914483,0.22015883,0.1,0.01,0,<class 'activation_function.TanH'>,<function xavier_initializer at 0x000001DF462D6E50>,"(10, 10, 10)"
0.39882793,0.00870847,0.22265479,0.1,0.01,0,<class 'activation_function.TanH'>,<function xavier_initializer at 0x000001DF462D6E50>,"(15, 15, 15)"
0.35543714,0.00811664,0.18891691,0.1,0.01,0,<class 'activation_function.Relu'>,<function xavier_initializer at 0x000001DF462D6E50>,"(5, 5, 5)"
0.40636451,0.00931097,0.22860774,0.1,0.01,0,<class 'activation_function.TanH'>,<function xavier_initializer at 0x000001DF462D6E50>,"(10, 20, 20)"
0.35219418,0.00789023,0.18454843,0.1,0.01,0,<class 'activation_function.Relu'>,<function xavier_initializer at 0x000001DF462D6E50>,"(10, 10, 10)"
0.35275147,0.00878059,0.18470226,0.1,0.01,0,<class 'activation_function.Relu'>,<function xavier_initializer at 0x000001DF462D6E50>,"(15, 15, 15)"
1.28374635,0.04961958,1.87576641,0.1,0.01,0,<class 'activation_function.Sigmoid'>,<function xavier_initializer at 0x000001DF462D6E50>,"(5, 5, 5)"
0.35383367,0.0076936,0.1851781,0.1,0.01,0,<class 'activation_function.Relu'>,<function xavier_initializer at 0x000001DF462D6E50>,"(10, 20, 20)"
0.92493052,0.03172711,1.0491555,0.1,0.01,0,<class 'activation_function.Sigmoid'>,<function xavier_initializer at 0x000001DF462D6E50>,"(10, 10, 10)"
0.88991107,0.02803876,0.98212192,0.1,0.01,0,<class 'activation_function.Sigmoid'>,<function xavier_initializer at 0x000001DF462D6E50>,"(15, 15, 15)"
0.87175342,0.02624966,0.94836141,0.1,0.01,0,<class 'activation_function.Sigmoid'>,<function xavier_initializer at 0x000001DF462D6E50>,"(10, 20, 20)"
0.39629018,0.00838725,0.22500312,0.1,0.01,0,<class 'activation_function.TanH'>,<function he_initializer at 0x000001DF462D6EE0>,"(5, 5, 5)"
0.3945811,0.00883503,0.21995245,0.1,0.01,0,<class 'activation_function.TanH'>,<function he_initializer at 0x000001DF462D6EE0>,"(10, 10, 10)"
0.40233139,0.00856494,0.22605493,0.1,0.01,0,<class 'activation_function.TanH'>,<function he_initializer at 0x000001DF462D6EE0>,"(15, 15, 15)"
0.35636353,0.00842869,0.18692681,0.1,0.01,0,<class 'activation_function.Relu'>,<function he_initializer at 0x000001DF462D6EE0>,"(5, 5, 5)"
0.40582134,0.00919627,0.22858033,0.1,0.01,0,<class 'activation_function.TanH'>,<function he_initializer at 0x000001DF462D6EE0>,"(10, 20, 20)"
0.35353312,0.00874088,0.1853216,0.1,0.01,0,<class 'activation_function.Relu'>,<function he_initializer at 0x000001DF462D6EE0>,"(10, 10, 10)"
0.35148308,0.0081495,0.18352144,0.1,0.01,0,<class 'activation_function.Relu'>,<function he_initializer at 0x000001DF462D6EE0>,"(15, 15, 15)"
0.97109553,0.03454142,1.14193799,0.1,0.01,0,<class 'activation_function.Sigmoid'>,<function he_initializer at 0x000001DF462D6EE0>,"(5, 5, 5)"
0.35294572,0.00793602,0.18444141,0.1,0.01,0,<class 'activation_function.Relu'>,<function he_initializer at 0x000001DF462D6EE0>,"(10, 20, 20)"
0.9186427,0.03276282,1.03777338,0.1,0.01,0,<class 'activation_function.Sigmoid'>,<function he_initializer at 0x000001DF462D6EE0>,"(10, 10, 10)"
0.88258337,0.02735219,0.96729193,0.1,0.01,0,<class 'activation_function.Sigmoid'>,<function he_initializer at 0x000001DF462D6EE0>,"(15, 15, 15)"
0.87499697,0.02663459,0.953596,0.1,0.01,0,<class 'activation_function.Sigmoid'>,<function he_initializer at 0x000001DF462D6EE0>,"(10, 20, 20)"
0.36177584,0.00876236,0.18981268,0.1,0.01,0.4,<class 'activation_function.TanH'>,<function xavier_initializer at 0x000001DF462D6E50>,"(5, 5, 5)"
0.36295632,0.00918054,0.18987089,0.1,0.01,0.4,<class 'activation_function.TanH'>,<function xavier_initializer at 0x000001DF462D6E50>,"(10, 10, 10)"
0.38070825,0.00932969,0.20105808,0.1,0.01,0.4,<class 'activation_function.TanH'>,<function xavier_initializer at 0x000001DF462D6E50>,"(15, 15, 15)"
0.39068605,0.00945342,0.21275017,0.1,0.01,0.4,<class 'activation_function.Relu'>,<function xavier_initializer at 0x000001DF462D6E50>,"(5, 5, 5)"
0.38373936,0.00950814,0.20420689,0.1,0.01,0.4,<class 'activation_function.TanH'>,<function xavier_initializer at 0x000001DF462D6E50>,"(10, 20, 20)"
0.33478201,0.00894993,0.16914308,0.1,0.01,0.4,<class 'activation_function.Relu'>,<function xavier_initializer at 0x000001DF462D6E50>,"(10, 10, 10)"
0.32922375,0.00962282,0.16427316,0.1,0.01,0.4,<class 'activation_function.Relu'>,<function xavier_initializer at 0x000001DF462D6E50>,"(15, 15, 15)"
0.32963303,0.00928449,0.16317683,0.1,0.01,0.4,<class 'activation_function.Relu'>,<function xavier_initializer at 0x000001DF462D6E50>,"(10, 20, 20)"
0.86624645,0.02545894,0.933914,0.1,0.01,0.4,<class 'activation_function.Sigmoid'>,<function xavier_initializer at 0x000001DF462D6E50>,"(5, 5, 5)"
0.81638086,0.02057383,0.84159697,0.1,0.01,0.4,<class 'activation_function.Sigmoid'>,<function xavier_initializer at 0x000001DF462D6E50>,"(10, 10, 10)"
0.80604882,0.01959094,0.82504581,0.1,0.01,0.4,<class 'activation_function.Sigmoid'>,<function xavier_initializer at 0x000001DF462D6E50>,"(15, 15, 15)"
0.79398589,0.01828535,0.80534061,0.1,0.01,0.4,<class 'activation_function.Sigmoid'>,<function xavier_initializer at 0x000001DF462D6E50>,"(10, 20, 20)"
0.36126321,0.00874728,0.18958354,0.1,0.01,0.4,<class 'activation_function.TanH'>,<function he_initializer at 0x000001DF462D6EE0>,"(5, 5, 5)"
0.36880415,0.00865314,0.19323312,0.1,0.01,0.4,<class 'activation_function.TanH'>,<function he_initializer at 0x000001DF462D6EE0>,"(10, 10, 10)"
0.36595439,0.00934106,0.19141552,0.1,0.01,0.4,<class 'activation_function.TanH'>,<function he_initializer at 0x000001DF462D6EE0>,"(15, 15, 15)"
0.37417811,0.00743495,0.19967881,0.1,0.01,0.4,<class 'activation_function.Relu'>,<function he_initializer at 0x000001DF462D6EE0>,"(5, 5, 5)"
0.37598688,0.00933825,0.19796787,0.1,0.01,0.4,<class 'activation_function.TanH'>,<function he_initializer at 0x000001DF462D6EE0>,"(10, 20, 20)"
0.32888121,0.0089638,0.1641385,0.1,0.01,0.4,<class 'activation_function.Relu'>,<function he_initializer at 0x000001DF462D6EE0>,"(10, 10, 10)"
0.33171625,0.00794169,0.16511782,0.1,0.01,0.4,<class 'activation_function.Relu'>,<function he_initializer at 0x000001DF462D6EE0>,"(15, 15, 15)"
0.8585637,0.02431145,0.91874407,0.1,0.01,0.4,<class 'activation_function.Sigmoid'>,<function he_initializer at 0x000001DF462D6EE0>,"(5, 5, 5)"
0.33184501,0.00889894,0.16573428,0.1,0.01,0.4,<class 'activation_function.Relu'>,<function he_initializer at 0x000001DF462D6EE0>,"(10, 20, 20)"
0.811555,0.02026237,0.83395339,0.1,0.01,0.4,<class 'activation_function.Sigmoid'>,<function he_initializer at 0x000001DF462D6EE0>,"(10, 10, 10)"
0.80357642,0.01937036,0.82304689,0.1,0.01,0.4,<class 'activation_function.Sigmoid'>,<function he_initializer at 0x000001DF462D6EE0>,"(15, 15, 15)"
0.79273665,0.01820501,0.80232848,0.1,0.01,0.4,<class 'activation_function.Sigmoid'>,<function he_initializer at 0x000001DF462D6EE0>,"(10, 20, 20)"
0.34572461,0.0096648,0.17338305,0.1,0.01,0.8,<class 'activation_function.TanH'>,<function xavier_initializer at 0x000001DF462D6E50>,"(5, 5, 5)"
0.34544127,0.00924608,0.1733795,0.1,0.01,0.8,<class 'activation_function.TanH'>,<function xavier_initializer at 0x000001DF462D6E50>,"(10, 10, 10)"
0.34931907,0.00956242,0.17587516,0.1,0.01,0.8,<class 'activation_function.TanH'>,<function xavier_initializer at 0x000001DF462D6E50>,"(15, 15, 15)"
0.32566715,0.00844253,0.16167462,0.1,0.01,0.8,<class 'activation_function.Relu'>,<function xavier_initializer at 0x000001DF462D6E50>,"(5, 5, 5)"
0.35769124,0.00962082,0.18158384,0.1,0.01,0.8,<class 'activation_function.TanH'>,<function xavier_initializer at 0x000001DF462D6E50>,"(10, 20, 20)"
0.32032163,0.00911259,0.15585098,0.1,0.01,0.8,<class 'activation_function.Relu'>,<function xavier_initializer at 0x000001DF462D6E50>,"(10, 10, 10)"
0.32264508,0.00908551,0.15545218,0.1,0.01,0.8,<class 'activation_function.Relu'>,<function xavier_initializer at 0x000001DF462D6E50>,"(15, 15, 15)"
0.32165986,0.00896637,0.15560752,0.1,0.01,0.8,<class 'activation_function.Relu'>,<function xavier_initializer at 0x000001DF462D6E50>,"(10, 20, 20)"
0.80425868,0.01930238,0.81219366,0.1,0.01,0.8,<class 'activation_function.Sigmoid'>,<function xavier_initializer at 0x000001DF462D6E50>,"(5, 5, 5)"
0.77691609,0.01682335,0.77117339,0.1,0.01,0.8,<class 'activation_function.Sigmoid'>,<function xavier_initializer at 0x000001DF462D6E50>,"(10, 10, 10)"
0.76429098,0.01512248,0.75109119,0.1,0.01,0.8,<class 'activation_function.Sigmoid'>,<function xavier_initializer at 0x000001DF462D6E50>,"(15, 15, 15)"
0.76029654,0.01450356,0.74499261,0.1,0.01,0.8,<class 'activation_function.Sigmoid'>,<function xavier_initializer at 0x000001DF462D6E50>,"(10, 20, 20)"
0.34699333,0.00928192,0.17443692,0.1,0.01,0.8,<class 'activation_function.TanH'>,<function he_initializer at 0x000001DF462D6EE0>,"(5, 5, 5)"
0.34996869,0.00912999,0.17599906,0.1,0.01,0.8,<class 'activation_function.TanH'>,<function he_initializer at 0x000001DF462D6EE0>,"(10, 10, 10)"
0.35562407,0.00969189,0.18021372,0.1,0.01,0.8,<class 'activation_function.TanH'>,<function he_initializer at 0x000001DF462D6EE0>,"(15, 15, 15)"
0.32601801,0.01143029,0.16206819,0.1,0.01,0.8,<class 'activation_function.Relu'>,<function he_initializer at 0x000001DF462D6EE0>,"(5, 5, 5)"
0.35726593,0.00901852,0.18097392,0.1,0.01,0.8,<class 'activation_function.TanH'>,<function he_initializer at 0x000001DF462D6EE0>,"(10, 20, 20)"
0.31875357,0.0101004,0.15430995,0.1,0.01,0.8,<class 'activation_function.Relu'>,<function he_initializer at 0x000001DF462D6EE0>,"(10, 10, 10)"
0.3223691,0.00972672,0.1569602,0.1,0.01,0.8,<class 'activation_function.Relu'>,<function he_initializer at 0x000001DF462D6EE0>,"(15, 15, 15)"
0.79574934,0.01874197,0.8000963,0.1,0.01,0.8,<class 'activation_function.Sigmoid'>,<function he_initializer at 0x000001DF462D6EE0>,"(5, 5, 5)"
0.31890144,0.00997528,0.15221556,0.1,0.01,0.8,<class 'activation_function.Relu'>,<function he_initializer at 0x000001DF462D6EE0>,"(10, 20, 20)"
0.77218812,0.01612308,0.76371156,0.1,0.01,0.8,<class 'activation_function.Sigmoid'>,<function he_initializer at 0x000001DF462D6EE0>,"(10, 10, 10)"
0.76628811,0.01541091,0.72650811,0.1,0.01,0.8,<class 'activation_function.Sigmoid'>,<function he_initializer at 0x000001DF462D6EE0>,"(15, 15, 15)"
0.76068341,0.01458958,0.74279329,0.1,0.01,0.8,<class 'activation_function.Sigmoid'>,<function he_initializer at 0x000001DF462D6EE0>,"(10, 20, 20)"
