accuracy_average_vl,accuracy_sd_vl,average_tr_error_best_vl,learning_rate,regularization,momentum,activation_hidden,weight_init,topology
0.42986138,0.00751264,0.23873404,0.05,0,0.4,<class 'activation_function.Relu'>,<function xavier_initializer at 0x7f10a5bbfa60>,"(30,)"
0.42984562,0.0075601,0.23899113,0.05,0,0.4,<class 'activation_function.TanH'>,<function xavier_initializer at 0x7f10a5bbfa60>,"(30,)"
0.32787899,0.01038027,0.15083805,0.05,0,0.4,<class 'activation_function.Relu'>,<function xavier_initializer at 0x7f10a5bbfa60>,"(10, 10)"
0.32064464,0.0154778,0.14685829,0.05,0,0.4,<class 'activation_function.Relu'>,<function xavier_initializer at 0x7f10a5bbfa60>,"(20, 20)"
0.35999502,0.00282815,0.172732,0.05,0,0.4,<class 'activation_function.TanH'>,<function xavier_initializer at 0x7f10a5bbfa60>,"(10, 10)"
0.31964228,0.016836,0.14432711,0.05,0,0.4,<class 'activation_function.Relu'>,<function xavier_initializer at 0x7f10a5bbfa60>,"(25, 25)"
0.36346553,0.00634608,0.1742687,0.05,0,0.4,<class 'activation_function.TanH'>,<function xavier_initializer at 0x7f10a5bbfa60>,"(20, 20)"
0.36344462,0.0058904,0.1751515,0.05,0,0.4,<class 'activation_function.TanH'>,<function xavier_initializer at 0x7f10a5bbfa60>,"(25, 25)"
0.4298352,0.00762027,0.23934845,0.05,0,0.4,<class 'activation_function.TanH'>,<function ranged_uniform_initializer at 0x7f10a5bbfca0>,"(30,)"
0.4298408,0.00755841,0.23876539,0.05,0,0.4,<class 'activation_function.Relu'>,<function ranged_uniform_initializer at 0x7f10a5bbfca0>,"(30,)"
0.35203143,0.00811065,0.1675576,0.05,0,0.4,<class 'activation_function.TanH'>,<function ranged_uniform_initializer at 0x7f10a5bbfca0>,"(10, 10)"
0.33241835,0.01403446,0.15616477,0.05,0,0.4,<class 'activation_function.Relu'>,<function ranged_uniform_initializer at 0x7f10a5bbfca0>,"(10, 10)"
0.33742338,0.00735509,0.15471418,0.05,0,0.4,<class 'activation_function.TanH'>,<function ranged_uniform_initializer at 0x7f10a5bbfca0>,"(20, 20)"
0.32440899,0.01726148,0.14803073,0.05,0,0.4,<class 'activation_function.Relu'>,<function ranged_uniform_initializer at 0x7f10a5bbfca0>,"(20, 20)"
0.31361963,0.01624172,0.13901891,0.05,0,0.4,<class 'activation_function.Relu'>,<function ranged_uniform_initializer at 0x7f10a5bbfca0>,"(25, 25)"
0.32450048,0.00562554,0.14408264,0.05,0,0.4,<class 'activation_function.TanH'>,<function ranged_uniform_initializer at 0x7f10a5bbfca0>,"(25, 25)"
0.33620461,0.0051443,0.15481291,0.05,0,0.8,<class 'activation_function.TanH'>,<function xavier_initializer at 0x7f10a5bbfa60>,"(10, 10)"
0.42984587,0.00755151,0.23857093,0.05,0,0.8,<class 'activation_function.TanH'>,<function xavier_initializer at 0x7f10a5bbfa60>,"(30,)"
0.42984717,0.00755116,0.23888018,0.05,0,0.8,<class 'activation_function.Relu'>,<function xavier_initializer at 0x7f10a5bbfa60>,"(30,)"
0.3428963,0.00705625,0.15934164,0.05,0,0.8,<class 'activation_function.TanH'>,<function xavier_initializer at 0x7f10a5bbfa60>,"(20, 20)"
0.32311708,0.01466863,0.1475811,0.05,0,0.8,<class 'activation_function.Relu'>,<function xavier_initializer at 0x7f10a5bbfa60>,"(10, 10)"
0.3535543,0.00698914,0.16483594,0.05,0,0.8,<class 'activation_function.TanH'>,<function xavier_initializer at 0x7f10a5bbfa60>,"(25, 25)"
0.32196942,0.02105502,0.1448421,0.05,0,0.8,<class 'activation_function.Relu'>,<function xavier_initializer at 0x7f10a5bbfa60>,"(20, 20)"
0.31881191,0.0148571,0.14300577,0.05,0,0.8,<class 'activation_function.Relu'>,<function xavier_initializer at 0x7f10a5bbfa60>,"(25, 25)"
0.42984953,0.00754491,0.23863439,0.05,0,0.8,<class 'activation_function.TanH'>,<function ranged_uniform_initializer at 0x7f10a5bbfca0>,"(30,)"
0.3421551,0.00584066,0.159978,0.05,0,0.8,<class 'activation_function.TanH'>,<function ranged_uniform_initializer at 0x7f10a5bbfca0>,"(10, 10)"
0.42985165,0.00755457,0.2389699,0.05,0,0.8,<class 'activation_function.Relu'>,<function ranged_uniform_initializer at 0x7f10a5bbfca0>,"(30,)"
0.31369381,0.01558265,0.14332788,0.05,0,0.8,<class 'activation_function.Relu'>,<function ranged_uniform_initializer at 0x7f10a5bbfca0>,"(10, 10)"
0.32863826,0.00555382,0.14710182,0.05,0,0.8,<class 'activation_function.TanH'>,<function ranged_uniform_initializer at 0x7f10a5bbfca0>,"(20, 20)"
0.31554749,0.00853113,0.13885471,0.05,0,0.8,<class 'activation_function.TanH'>,<function ranged_uniform_initializer at 0x7f10a5bbfca0>,"(25, 25)"
0.32908293,0.0166016,0.14986066,0.05,0,0.8,<class 'activation_function.Relu'>,<function ranged_uniform_initializer at 0x7f10a5bbfca0>,"(20, 20)"
0.31087302,0.01283041,0.13499665,0.05,0,0.8,<class 'activation_function.Relu'>,<function ranged_uniform_initializer at 0x7f10a5bbfca0>,"(25, 25)"
0.42984851,0.00754972,0.23867197,0.05,0,1.2,<class 'activation_function.TanH'>,<function xavier_initializer at 0x7f10a5bbfa60>,"(30,)"
0.33341324,0.00947074,0.15698815,0.05,0,1.2,<class 'activation_function.TanH'>,<function xavier_initializer at 0x7f10a5bbfa60>,"(10, 10)"
0.42984892,0.00754883,0.23885953,0.05,0,1.2,<class 'activation_function.Relu'>,<function xavier_initializer at 0x7f10a5bbfa60>,"(30,)"
0.34406729,0.01108815,0.15982227,0.05,0,1.2,<class 'activation_function.TanH'>,<function xavier_initializer at 0x7f10a5bbfa60>,"(20, 20)"
0.32278753,0.01436022,0.14800482,0.05,0,1.2,<class 'activation_function.Relu'>,<function xavier_initializer at 0x7f10a5bbfa60>,"(10, 10)"
0.3447208,0.00798246,0.15746772,0.05,0,1.2,<class 'activation_function.TanH'>,<function xavier_initializer at 0x7f10a5bbfa60>,"(25, 25)"
0.31686734,0.01186504,0.14163914,0.05,0,1.2,<class 'activation_function.Relu'>,<function xavier_initializer at 0x7f10a5bbfa60>,"(20, 20)"
0.31845127,0.0133936,0.13993032,0.05,0,1.2,<class 'activation_function.Relu'>,<function xavier_initializer at 0x7f10a5bbfa60>,"(25, 25)"
0.42984779,0.00754856,0.2393103,0.05,0,1.2,<class 'activation_function.TanH'>,<function ranged_uniform_initializer at 0x7f10a5bbfca0>,"(30,)"
0.32041152,0.00514752,0.14503632,0.05,0,1.2,<class 'activation_function.TanH'>,<function ranged_uniform_initializer at 0x7f10a5bbfca0>,"(10, 10)"
0.30925871,0.01015489,0.13810323,0.05,0,1.2,<class 'activation_function.TanH'>,<function ranged_uniform_initializer at 0x7f10a5bbfca0>,"(20, 20)"
0.42984929,0.00754853,0.23861482,0.05,0,1.2,<class 'activation_function.Relu'>,<function ranged_uniform_initializer at 0x7f10a5bbfca0>,"(30,)"
0.30953846,0.01775987,0.14236007,0.05,0,1.2,<class 'activation_function.Relu'>,<function ranged_uniform_initializer at 0x7f10a5bbfca0>,"(10, 10)"
0.30886008,0.00922209,0.13366165,0.05,0,1.2,<class 'activation_function.TanH'>,<function ranged_uniform_initializer at 0x7f10a5bbfca0>,"(25, 25)"
0.30815923,0.01954823,0.13684174,0.05,0,1.2,<class 'activation_function.Relu'>,<function ranged_uniform_initializer at 0x7f10a5bbfca0>,"(20, 20)"
0.43137965,0.00909409,0.24233858,0.05,0.005,0.4,<class 'activation_function.TanH'>,<function xavier_initializer at 0x7f10a5bbfa60>,"(30,)"
0.31099977,0.01007699,0.13525899,0.05,0,1.2,<class 'activation_function.Relu'>,<function ranged_uniform_initializer at 0x7f10a5bbfca0>,"(25, 25)"
0.38752758,0.00974302,0.20652128,0.05,0.005,0.4,<class 'activation_function.TanH'>,<function xavier_initializer at 0x7f10a5bbfa60>,"(10, 10)"
0.4313766,0.00909087,0.24288487,0.05,0.005,0.4,<class 'activation_function.Relu'>,<function xavier_initializer at 0x7f10a5bbfa60>,"(30,)"
0.33028517,0.00933228,0.16406364,0.05,0.005,0.4,<class 'activation_function.Relu'>,<function xavier_initializer at 0x7f10a5bbfa60>,"(10, 10)"
0.42580019,0.01020779,0.2382955,0.05,0.005,0.4,<class 'activation_function.TanH'>,<function xavier_initializer at 0x7f10a5bbfa60>,"(20, 20)"
0.43138062,0.00909611,0.24226886,0.05,0.005,0.4,<class 'activation_function.TanH'>,<function ranged_uniform_initializer at 0x7f10a5bbfca0>,"(30,)"
0.41383998,0.00930444,0.2281166,0.05,0.005,0.4,<class 'activation_function.TanH'>,<function xavier_initializer at 0x7f10a5bbfa60>,"(25, 25)"
0.32617079,0.01041263,0.16094339,0.05,0.005,0.4,<class 'activation_function.Relu'>,<function xavier_initializer at 0x7f10a5bbfa60>,"(20, 20)"
0.33065079,0.00948604,0.16317041,0.05,0.005,0.4,<class 'activation_function.Relu'>,<function xavier_initializer at 0x7f10a5bbfa60>,"(25, 25)"
0.37265213,0.00896242,0.19515431,0.05,0.005,0.4,<class 'activation_function.TanH'>,<function ranged_uniform_initializer at 0x7f10a5bbfca0>,"(10, 10)"
0.43137798,0.00909375,0.24224417,0.05,0.005,0.4,<class 'activation_function.Relu'>,<function ranged_uniform_initializer at 0x7f10a5bbfca0>,"(30,)"
0.38633819,0.00883391,0.20537447,0.05,0.005,0.4,<class 'activation_function.TanH'>,<function ranged_uniform_initializer at 0x7f10a5bbfca0>,"(20, 20)"
0.32774651,0.01105963,0.16155474,0.05,0.005,0.4,<class 'activation_function.Relu'>,<function ranged_uniform_initializer at 0x7f10a5bbfca0>,"(10, 10)"
0.4306389,0.00883705,0.24120884,0.05,0.005,0.8,<class 'activation_function.TanH'>,<function xavier_initializer at 0x7f10a5bbfa60>,"(30,)"
0.332064,0.01035796,0.16542193,0.05,0.005,0.4,<class 'activation_function.Relu'>,<function ranged_uniform_initializer at 0x7f10a5bbfca0>,"(20, 20)"
0.39581445,0.00923948,0.21311269,0.05,0.005,0.4,<class 'activation_function.TanH'>,<function ranged_uniform_initializer at 0x7f10a5bbfca0>,"(25, 25)"
0.33087795,0.0108258,0.16494357,0.05,0.005,0.4,<class 'activation_function.Relu'>,<function ranged_uniform_initializer at 0x7f10a5bbfca0>,"(25, 25)"
0.37236194,0.00847434,0.19245364,0.05,0.005,0.8,<class 'activation_function.TanH'>,<function xavier_initializer at 0x7f10a5bbfa60>,"(10, 10)"
0.43063901,0.00883775,0.24096472,0.05,0.005,0.8,<class 'activation_function.Relu'>,<function xavier_initializer at 0x7f10a5bbfa60>,"(30,)"
0.41181705,0.00869655,0.22391107,0.05,0.005,0.8,<class 'activation_function.TanH'>,<function xavier_initializer at 0x7f10a5bbfa60>,"(20, 20)"
0.32466313,0.01071528,0.15813083,0.05,0.005,0.8,<class 'activation_function.Relu'>,<function xavier_initializer at 0x7f10a5bbfa60>,"(10, 10)"
0.43063952,0.00883864,0.24145707,0.05,0.005,0.8,<class 'activation_function.TanH'>,<function ranged_uniform_initializer at 0x7f10a5bbfca0>,"(30,)"
0.3203692,0.01187944,0.15517685,0.05,0.005,0.8,<class 'activation_function.Relu'>,<function xavier_initializer at 0x7f10a5bbfa60>,"(20, 20)"
0.40084109,0.00908129,0.2148954,0.05,0.005,0.8,<class 'activation_function.TanH'>,<function xavier_initializer at 0x7f10a5bbfa60>,"(25, 25)"
0.32007066,0.00981029,0.15473114,0.05,0.005,0.8,<class 'activation_function.Relu'>,<function xavier_initializer at 0x7f10a5bbfa60>,"(25, 25)"
0.36093565,0.01003508,0.1830777,0.05,0.005,0.8,<class 'activation_function.TanH'>,<function ranged_uniform_initializer at 0x7f10a5bbfca0>,"(10, 10)"
0.43063947,0.00883802,0.2410465,0.05,0.005,0.8,<class 'activation_function.Relu'>,<function ranged_uniform_initializer at 0x7f10a5bbfca0>,"(30,)"
0.36737764,0.00958822,0.18815312,0.05,0.005,0.8,<class 'activation_function.TanH'>,<function ranged_uniform_initializer at 0x7f10a5bbfca0>,"(20, 20)"
0.31959819,0.01049222,0.15584781,0.05,0.005,0.8,<class 'activation_function.Relu'>,<function ranged_uniform_initializer at 0x7f10a5bbfca0>,"(10, 10)"
0.37781282,0.00919658,0.19620102,0.05,0.005,0.8,<class 'activation_function.TanH'>,<function ranged_uniform_initializer at 0x7f10a5bbfca0>,"(25, 25)"
0.43026496,0.00865391,0.24039974,0.05,0.005,1.2,<class 'activation_function.TanH'>,<function xavier_initializer at 0x7f10a5bbfa60>,"(30,)"
0.32410264,0.01179909,0.15733619,0.05,0.005,0.8,<class 'activation_function.Relu'>,<function ranged_uniform_initializer at 0x7f10a5bbfca0>,"(20, 20)"
0.32315086,0.0119231,0.15661102,0.05,0.005,0.8,<class 'activation_function.Relu'>,<function ranged_uniform_initializer at 0x7f10a5bbfca0>,"(25, 25)"
0.35510785,0.00975321,0.17805319,0.05,0.005,1.2,<class 'activation_function.TanH'>,<function xavier_initializer at 0x7f10a5bbfa60>,"(10, 10)"
0.430265,0.00865399,0.24022867,0.05,0.005,1.2,<class 'activation_function.Relu'>,<function xavier_initializer at 0x7f10a5bbfa60>,"(30,)"
0.38542462,0.0093441,0.20044728,0.05,0.005,1.2,<class 'activation_function.TanH'>,<function xavier_initializer at 0x7f10a5bbfa60>,"(20, 20)"
0.31526449,0.01191627,0.1510858,0.05,0.005,1.2,<class 'activation_function.Relu'>,<function xavier_initializer at 0x7f10a5bbfa60>,"(10, 10)"
0.43026502,0.00865396,0.24028218,0.05,0.005,1.2,<class 'activation_function.TanH'>,<function ranged_uniform_initializer at 0x7f10a5bbfca0>,"(30,)"
0.38349491,0.00893758,0.19902528,0.05,0.005,1.2,<class 'activation_function.TanH'>,<function xavier_initializer at 0x7f10a5bbfa60>,"(25, 25)"
0.31729379,0.01058397,0.15132341,0.05,0.005,1.2,<class 'activation_function.Relu'>,<function xavier_initializer at 0x7f10a5bbfa60>,"(20, 20)"
0.31634182,0.01166514,0.15056251,0.05,0.005,1.2,<class 'activation_function.Relu'>,<function xavier_initializer at 0x7f10a5bbfa60>,"(25, 25)"
0.35686515,0.00927099,0.1792089,0.05,0.005,1.2,<class 'activation_function.TanH'>,<function ranged_uniform_initializer at 0x7f10a5bbfca0>,"(10, 10)"
0.43026503,0.00865414,0.24113074,0.05,0.005,1.2,<class 'activation_function.Relu'>,<function ranged_uniform_initializer at 0x7f10a5bbfca0>,"(30,)"
0.36013735,0.0096577,0.18193949,0.05,0.005,1.2,<class 'activation_function.TanH'>,<function ranged_uniform_initializer at 0x7f10a5bbfca0>,"(20, 20)"
0.43618706,0.00989493,0.24991906,0.05,0.01,0.4,<class 'activation_function.TanH'>,<function xavier_initializer at 0x7f10a5bbfa60>,"(30,)"
0.31419242,0.01104548,0.14961235,0.05,0.005,1.2,<class 'activation_function.Relu'>,<function ranged_uniform_initializer at 0x7f10a5bbfca0>,"(10, 10)"
0.37224196,0.00960831,0.19076886,0.05,0.005,1.2,<class 'activation_function.TanH'>,<function ranged_uniform_initializer at 0x7f10a5bbfca0>,"(25, 25)"
0.31625227,0.01081978,0.15058918,0.05,0.005,1.2,<class 'activation_function.Relu'>,<function ranged_uniform_initializer at 0x7f10a5bbfca0>,"(20, 20)"
0.31719116,0.0115228,0.15349123,0.05,0.005,1.2,<class 'activation_function.Relu'>,<function ranged_uniform_initializer at 0x7f10a5bbfca0>,"(25, 25)"
0.42593856,0.01037749,0.24910338,0.05,0.01,0.4,<class 'activation_function.TanH'>,<function xavier_initializer at 0x7f10a5bbfa60>,"(10, 10)"
0.43618683,0.00989474,0.25005314,0.05,0.01,0.4,<class 'activation_function.Relu'>,<function xavier_initializer at 0x7f10a5bbfa60>,"(30,)"
0.4374353,0.01018018,0.25966877,0.05,0.01,0.4,<class 'activation_function.TanH'>,<function xavier_initializer at 0x7f10a5bbfa60>,"(20, 20)"
0.36234672,0.00908293,0.19379742,0.05,0.01,0.4,<class 'activation_function.Relu'>,<function xavier_initializer at 0x7f10a5bbfa60>,"(10, 10)"
0.43618703,0.00989482,0.24961289,0.05,0.01,0.4,<class 'activation_function.TanH'>,<function ranged_uniform_initializer at 0x7f10a5bbfca0>,"(30,)"
0.44460305,0.01032596,0.26520418,0.05,0.01,0.4,<class 'activation_function.TanH'>,<function xavier_initializer at 0x7f10a5bbfa60>,"(25, 25)"
0.36505824,0.00832077,0.19733266,0.05,0.01,0.4,<class 'activation_function.Relu'>,<function xavier_initializer at 0x7f10a5bbfa60>,"(20, 20)"
0.36447391,0.00853981,0.19629859,0.05,0.01,0.4,<class 'activation_function.Relu'>,<function xavier_initializer at 0x7f10a5bbfa60>,"(25, 25)"
0.40944748,0.00930184,0.23580973,0.05,0.01,0.4,<class 'activation_function.TanH'>,<function ranged_uniform_initializer at 0x7f10a5bbfca0>,"(10, 10)"
0.43618698,0.00989506,0.24976976,0.05,0.01,0.4,<class 'activation_function.Relu'>,<function ranged_uniform_initializer at 0x7f10a5bbfca0>,"(30,)"
0.4288543,0.00976622,0.25212122,0.05,0.01,0.4,<class 'activation_function.TanH'>,<function ranged_uniform_initializer at 0x7f10a5bbfca0>,"(20, 20)"
0.36772557,0.0085848,0.19956037,0.05,0.01,0.4,<class 'activation_function.Relu'>,<function ranged_uniform_initializer at 0x7f10a5bbfca0>,"(10, 10)"
0.43381105,0.00958453,0.24609335,0.05,0.01,0.8,<class 'activation_function.TanH'>,<function xavier_initializer at 0x7f10a5bbfa60>,"(30,)"
0.41487116,0.01022048,0.23846864,0.05,0.01,0.4,<class 'activation_function.TanH'>,<function ranged_uniform_initializer at 0x7f10a5bbfca0>,"(25, 25)"
0.36704651,0.00883816,0.19778239,0.05,0.01,0.4,<class 'activation_function.Relu'>,<function ranged_uniform_initializer at 0x7f10a5bbfca0>,"(20, 20)"
0.37061992,0.00891851,0.20070217,0.05,0.01,0.4,<class 'activation_function.Relu'>,<function ranged_uniform_initializer at 0x7f10a5bbfca0>,"(25, 25)"
0.39965964,0.00973428,0.22272176,0.05,0.01,0.8,<class 'activation_function.TanH'>,<function xavier_initializer at 0x7f10a5bbfa60>,"(10, 10)"
0.4338111,0.00958456,0.2460931,0.05,0.01,0.8,<class 'activation_function.Relu'>,<function xavier_initializer at 0x7f10a5bbfa60>,"(30,)"
0.42440526,0.01016826,0.24206171,0.05,0.01,0.8,<class 'activation_function.TanH'>,<function xavier_initializer at 0x7f10a5bbfa60>,"(20, 20)"
0.34713239,0.00942749,0.17974403,0.05,0.01,0.8,<class 'activation_function.Relu'>,<function xavier_initializer at 0x7f10a5bbfa60>,"(10, 10)"
0.43381102,0.00958459,0.24609834,0.05,0.01,0.8,<class 'activation_function.TanH'>,<function ranged_uniform_initializer at 0x7f10a5bbfca0>,"(30,)"
0.43320618,0.01009964,0.25027154,0.05,0.01,0.8,<class 'activation_function.TanH'>,<function xavier_initializer at 0x7f10a5bbfa60>,"(25, 25)"
0.34715911,0.00895951,0.17958662,0.05,0.01,0.8,<class 'activation_function.Relu'>,<function xavier_initializer at 0x7f10a5bbfa60>,"(20, 20)"
0.34617728,0.0089156,0.17898672,0.05,0.01,0.8,<class 'activation_function.Relu'>,<function xavier_initializer at 0x7f10a5bbfa60>,"(25, 25)"
0.39043511,0.00958784,0.21523156,0.05,0.01,0.8,<class 'activation_function.TanH'>,<function ranged_uniform_initializer at 0x7f10a5bbfca0>,"(10, 10)"
0.43381109,0.00958456,0.2460476,0.05,0.01,0.8,<class 'activation_function.Relu'>,<function ranged_uniform_initializer at 0x7f10a5bbfca0>,"(30,)"
0.39750788,0.00946783,0.21940698,0.05,0.01,0.8,<class 'activation_function.TanH'>,<function ranged_uniform_initializer at 0x7f10a5bbfca0>,"(20, 20)"
0.43248235,0.00935819,0.24469484,0.05,0.01,1.2,<class 'activation_function.TanH'>,<function xavier_initializer at 0x7f10a5bbfa60>,"(30,)"
0.353999,0.00901183,0.18479962,0.05,0.01,0.8,<class 'activation_function.Relu'>,<function ranged_uniform_initializer at 0x7f10a5bbfca0>,"(10, 10)"
0.40520021,0.00969186,0.2261473,0.05,0.01,0.8,<class 'activation_function.TanH'>,<function ranged_uniform_initializer at 0x7f10a5bbfca0>,"(25, 25)"
0.35030218,0.00907932,0.1841636,0.05,0.01,0.8,<class 'activation_function.Relu'>,<function ranged_uniform_initializer at 0x7f10a5bbfca0>,"(20, 20)"
0.35400597,0.0095812,0.18750403,0.05,0.01,0.8,<class 'activation_function.Relu'>,<function ranged_uniform_initializer at 0x7f10a5bbfca0>,"(25, 25)"
0.38509454,0.00975596,0.2071669,0.05,0.01,1.2,<class 'activation_function.TanH'>,<function xavier_initializer at 0x7f10a5bbfa60>,"(10, 10)"
0.43248235,0.0093582,0.24394637,0.05,0.01,1.2,<class 'activation_function.Relu'>,<function xavier_initializer at 0x7f10a5bbfa60>,"(30,)"
0.39652853,0.00991922,0.21590931,0.05,0.01,1.2,<class 'activation_function.TanH'>,<function xavier_initializer at 0x7f10a5bbfa60>,"(20, 20)"
0.34033532,0.00898462,0.17251717,0.05,0.01,1.2,<class 'activation_function.Relu'>,<function xavier_initializer at 0x7f10a5bbfa60>,"(10, 10)"
0.43248235,0.00935819,0.24407339,0.05,0.01,1.2,<class 'activation_function.TanH'>,<function ranged_uniform_initializer at 0x7f10a5bbfca0>,"(30,)"
0.42088362,0.00975995,0.23651954,0.05,0.01,1.2,<class 'activation_function.TanH'>,<function xavier_initializer at 0x7f10a5bbfa60>,"(25, 25)"
0.33902192,0.0090451,0.17071752,0.05,0.01,1.2,<class 'activation_function.Relu'>,<function xavier_initializer at 0x7f10a5bbfa60>,"(20, 20)"
0.33802788,0.00945833,0.17052679,0.05,0.01,1.2,<class 'activation_function.Relu'>,<function xavier_initializer at 0x7f10a5bbfa60>,"(25, 25)"
0.37019236,0.00996675,0.19535642,0.05,0.01,1.2,<class 'activation_function.TanH'>,<function ranged_uniform_initializer at 0x7f10a5bbfca0>,"(10, 10)"
0.43248235,0.0093582,0.24400939,0.05,0.01,1.2,<class 'activation_function.Relu'>,<function ranged_uniform_initializer at 0x7f10a5bbfca0>,"(30,)"
0.38838815,0.00966143,0.20945985,0.05,0.01,1.2,<class 'activation_function.TanH'>,<function ranged_uniform_initializer at 0x7f10a5bbfca0>,"(20, 20)"
0.3493092,0.00876014,0.18020496,0.05,0.01,1.2,<class 'activation_function.Relu'>,<function ranged_uniform_initializer at 0x7f10a5bbfca0>,"(10, 10)"
0.42984851,0.00754891,0.23886701,0.1,0,0.4,<class 'activation_function.TanH'>,<function xavier_initializer at 0x7f10a5bbfa60>,"(30,)"
0.38274127,0.00965718,0.20433645,0.05,0.01,1.2,<class 'activation_function.TanH'>,<function ranged_uniform_initializer at 0x7f10a5bbfca0>,"(25, 25)"
0.3394268,0.00929172,0.17182873,0.05,0.01,1.2,<class 'activation_function.Relu'>,<function ranged_uniform_initializer at 0x7f10a5bbfca0>,"(20, 20)"
0.34006474,0.00969614,0.17369466,0.05,0.01,1.2,<class 'activation_function.Relu'>,<function ranged_uniform_initializer at 0x7f10a5bbfca0>,"(25, 25)"
0.35811697,0.00472593,0.16700634,0.1,0,0.4,<class 'activation_function.TanH'>,<function xavier_initializer at 0x7f10a5bbfa60>,"(10, 10)"
0.42984846,0.00754903,0.23863599,0.1,0,0.4,<class 'activation_function.Relu'>,<function xavier_initializer at 0x7f10a5bbfa60>,"(30,)"
0.33072972,0.01251359,0.14899746,0.1,0,0.4,<class 'activation_function.TanH'>,<function xavier_initializer at 0x7f10a5bbfa60>,"(20, 20)"
0.42984852,0.00754903,0.23873687,0.1,0,0.4,<class 'activation_function.TanH'>,<function ranged_uniform_initializer at 0x7f10a5bbfca0>,"(30,)"
0.30863716,0.01759237,0.14068764,0.1,0,0.4,<class 'activation_function.Relu'>,<function xavier_initializer at 0x7f10a5bbfa60>,"(10, 10)"
0.31789878,0.00753713,0.1427258,0.1,0,0.4,<class 'activation_function.TanH'>,<function xavier_initializer at 0x7f10a5bbfa60>,"(25, 25)"
0.31327193,0.01157029,0.14056592,0.1,0,0.4,<class 'activation_function.Relu'>,<function xavier_initializer at 0x7f10a5bbfa60>,"(20, 20)"
0.31473341,0.01656443,0.13760022,0.1,0,0.4,<class 'activation_function.Relu'>,<function xavier_initializer at 0x7f10a5bbfa60>,"(25, 25)"
0.30106716,0.01195292,0.13095173,0.1,0,0.4,<class 'activation_function.TanH'>,<function ranged_uniform_initializer at 0x7f10a5bbfca0>,"(10, 10)"
0.42984848,0.00754892,0.23901002,0.1,0,0.4,<class 'activation_function.Relu'>,<function ranged_uniform_initializer at 0x7f10a5bbfca0>,"(30,)"
0.30754091,0.00827781,0.13240797,0.1,0,0.4,<class 'activation_function.TanH'>,<function ranged_uniform_initializer at 0x7f10a5bbfca0>,"(20, 20)"
0.30443585,0.0117199,0.1377216,0.1,0,0.4,<class 'activation_function.Relu'>,<function ranged_uniform_initializer at 0x7f10a5bbfca0>,"(10, 10)"
0.42984852,0.00754896,0.2385923,0.1,0,0.8,<class 'activation_function.TanH'>,<function xavier_initializer at 0x7f10a5bbfa60>,"(30,)"
0.31333304,0.0106434,0.13545448,0.1,0,0.4,<class 'activation_function.TanH'>,<function ranged_uniform_initializer at 0x7f10a5bbfca0>,"(25, 25)"
0.30589341,0.01187529,0.13409549,0.1,0,0.4,<class 'activation_function.Relu'>,<function ranged_uniform_initializer at 0x7f10a5bbfca0>,"(20, 20)"
0.3125281,0.01687708,0.13093101,0.1,0,0.4,<class 'activation_function.Relu'>,<function ranged_uniform_initializer at 0x7f10a5bbfca0>,"(25, 25)"
0.3246369,0.00871498,0.14234855,0.1,0,0.8,<class 'activation_function.TanH'>,<function xavier_initializer at 0x7f10a5bbfa60>,"(10, 10)"
0.42984851,0.00754896,0.23878616,0.1,0,0.8,<class 'activation_function.Relu'>,<function xavier_initializer at 0x7f10a5bbfa60>,"(30,)"
0.33595042,0.00386216,0.15094969,0.1,0,0.8,<class 'activation_function.TanH'>,<function xavier_initializer at 0x7f10a5bbfa60>,"(20, 20)"
0.42984852,0.00754896,0.23919163,0.1,0,0.8,<class 'activation_function.TanH'>,<function ranged_uniform_initializer at 0x7f10a5bbfca0>,"(30,)"
0.31267798,0.01124028,0.1401497,0.1,0,0.8,<class 'activation_function.Relu'>,<function xavier_initializer at 0x7f10a5bbfa60>,"(10, 10)"
0.31356929,0.01495511,0.1364606,0.1,0,0.8,<class 'activation_function.Relu'>,<function xavier_initializer at 0x7f10a5bbfa60>,"(20, 20)"
0.29814281,0.00671457,0.12559705,0.1,0,0.8,<class 'activation_function.TanH'>,<function xavier_initializer at 0x7f10a5bbfa60>,"(25, 25)"
0.31673287,0.01428354,0.13784299,0.1,0,0.8,<class 'activation_function.Relu'>,<function xavier_initializer at 0x7f10a5bbfa60>,"(25, 25)"
0.30132783,0.004718,0.13245763,0.1,0,0.8,<class 'activation_function.TanH'>,<function ranged_uniform_initializer at 0x7f10a5bbfca0>,"(10, 10)"
0.42984851,0.00754896,0.23860943,0.1,0,0.8,<class 'activation_function.Relu'>,<function ranged_uniform_initializer at 0x7f10a5bbfca0>,"(30,)"
0.30728239,0.00585888,0.13142719,0.1,0,0.8,<class 'activation_function.TanH'>,<function ranged_uniform_initializer at 0x7f10a5bbfca0>,"(20, 20)"
0.30640514,0.01645507,0.13676657,0.1,0,0.8,<class 'activation_function.Relu'>,<function ranged_uniform_initializer at 0x7f10a5bbfca0>,"(10, 10)"
0.42984852,0.00754896,0.23854528,0.1,0,1.2,<class 'activation_function.TanH'>,<function xavier_initializer at 0x7f10a5bbfa60>,"(30,)"
0.29270316,0.00920895,0.12126522,0.1,0,0.8,<class 'activation_function.TanH'>,<function ranged_uniform_initializer at 0x7f10a5bbfca0>,"(25, 25)"
0.30786034,0.01474366,0.13082026,0.1,0,0.8,<class 'activation_function.Relu'>,<function ranged_uniform_initializer at 0x7f10a5bbfca0>,"(20, 20)"
0.30327563,0.00958121,0.1276635,0.1,0,0.8,<class 'activation_function.Relu'>,<function ranged_uniform_initializer at 0x7f10a5bbfca0>,"(25, 25)"
0.32412671,0.00697364,0.14269576,0.1,0,1.2,<class 'activation_function.TanH'>,<function xavier_initializer at 0x7f10a5bbfa60>,"(10, 10)"
0.42984852,0.00754896,0.23869709,0.1,0,1.2,<class 'activation_function.Relu'>,<function xavier_initializer at 0x7f10a5bbfa60>,"(30,)"
0.30549664,0.00406332,0.12814015,0.1,0,1.2,<class 'activation_function.TanH'>,<function xavier_initializer at 0x7f10a5bbfa60>,"(20, 20)"
0.30630475,0.01444743,0.13750011,0.1,0,1.2,<class 'activation_function.Relu'>,<function xavier_initializer at 0x7f10a5bbfa60>,"(10, 10)"
0.42984852,0.00754896,0.23919482,0.1,0,1.2,<class 'activation_function.TanH'>,<function ranged_uniform_initializer at 0x7f10a5bbfca0>,"(30,)"
0.30996901,0.00628039,0.13336022,0.1,0,1.2,<class 'activation_function.TanH'>,<function xavier_initializer at 0x7f10a5bbfa60>,"(25, 25)"
0.30813587,0.01339018,0.13315476,0.1,0,1.2,<class 'activation_function.Relu'>,<function xavier_initializer at 0x7f10a5bbfa60>,"(20, 20)"
0.3003411,0.01560984,0.12848044,0.1,0,1.2,<class 'activation_function.Relu'>,<function xavier_initializer at 0x7f10a5bbfa60>,"(25, 25)"
0.3010413,0.00889212,0.12891243,0.1,0,1.2,<class 'activation_function.TanH'>,<function ranged_uniform_initializer at 0x7f10a5bbfca0>,"(10, 10)"
0.42984852,0.00754896,0.23911033,0.1,0,1.2,<class 'activation_function.Relu'>,<function ranged_uniform_initializer at 0x7f10a5bbfca0>,"(30,)"
0.29712314,0.00383519,0.12276422,0.1,0,1.2,<class 'activation_function.TanH'>,<function ranged_uniform_initializer at 0x7f10a5bbfca0>,"(20, 20)"
0.30373779,0.01646395,0.13430094,0.1,0,1.2,<class 'activation_function.Relu'>,<function ranged_uniform_initializer at 0x7f10a5bbfca0>,"(10, 10)"
0.42998769,0.00846092,0.24005606,0.1,0.005,0.4,<class 'activation_function.TanH'>,<function xavier_initializer at 0x7f10a5bbfa60>,"(30,)"
0.30905721,0.0094848,0.12921448,0.1,0,1.2,<class 'activation_function.TanH'>,<function ranged_uniform_initializer at 0x7f10a5bbfca0>,"(25, 25)"
0.29558586,0.01439879,0.12536312,0.1,0,1.2,<class 'activation_function.Relu'>,<function ranged_uniform_initializer at 0x7f10a5bbfca0>,"(20, 20)"
0.30935427,0.01908432,0.13081188,0.1,0,1.2,<class 'activation_function.Relu'>,<function ranged_uniform_initializer at 0x7f10a5bbfca0>,"(25, 25)"
0.35151417,0.00983262,0.17393039,0.1,0.005,0.4,<class 'activation_function.TanH'>,<function xavier_initializer at 0x7f10a5bbfa60>,"(10, 10)"
0.42998769,0.00846092,0.23975593,0.1,0.005,0.4,<class 'activation_function.Relu'>,<function xavier_initializer at 0x7f10a5bbfa60>,"(30,)"
0.36796499,0.00849428,0.1843577,0.1,0.005,0.4,<class 'activation_function.TanH'>,<function xavier_initializer at 0x7f10a5bbfa60>,"(20, 20)"
0.31547587,0.01122604,0.15100315,0.1,0.005,0.4,<class 'activation_function.Relu'>,<function xavier_initializer at 0x7f10a5bbfa60>,"(10, 10)"
0.37710009,0.00910562,0.19213695,0.1,0.005,0.4,<class 'activation_function.TanH'>,<function xavier_initializer at 0x7f10a5bbfa60>,"(25, 25)"
0.4299877,0.00846093,0.23967612,0.1,0.005,0.4,<class 'activation_function.TanH'>,<function ranged_uniform_initializer at 0x7f10a5bbfca0>,"(30,)"
0.30715763,0.01233667,0.14480144,0.1,0.005,0.4,<class 'activation_function.Relu'>,<function xavier_initializer at 0x7f10a5bbfa60>,"(20, 20)"
0.31060068,0.01118659,0.14639583,0.1,0.005,0.4,<class 'activation_function.Relu'>,<function xavier_initializer at 0x7f10a5bbfa60>,"(25, 25)"
0.33696491,0.01081253,0.16353246,0.1,0.005,0.4,<class 'activation_function.TanH'>,<function ranged_uniform_initializer at 0x7f10a5bbfca0>,"(10, 10)"
0.42998769,0.00846093,0.23984884,0.1,0.005,0.4,<class 'activation_function.Relu'>,<function ranged_uniform_initializer at 0x7f10a5bbfca0>,"(30,)"
0.35400649,0.00923776,0.17498474,0.1,0.005,0.4,<class 'activation_function.TanH'>,<function ranged_uniform_initializer at 0x7f10a5bbfca0>,"(20, 20)"
0.31147216,0.01144984,0.14790578,0.1,0.005,0.4,<class 'activation_function.Relu'>,<function ranged_uniform_initializer at 0x7f10a5bbfca0>,"(10, 10)"
0.42982561,0.00828894,0.23929431,0.1,0.005,0.8,<class 'activation_function.TanH'>,<function xavier_initializer at 0x7f10a5bbfa60>,"(30,)"
0.3508378,0.00976844,0.1733036,0.1,0.005,0.4,<class 'activation_function.TanH'>,<function ranged_uniform_initializer at 0x7f10a5bbfca0>,"(25, 25)"
0.31028319,0.01308405,0.14543058,0.1,0.005,0.4,<class 'activation_function.Relu'>,<function ranged_uniform_initializer at 0x7f10a5bbfca0>,"(20, 20)"
0.31458799,0.01143423,0.14855281,0.1,0.005,0.4,<class 'activation_function.Relu'>,<function ranged_uniform_initializer at 0x7f10a5bbfca0>,"(25, 25)"
0.33974195,0.01098225,0.16368253,0.1,0.005,0.8,<class 'activation_function.TanH'>,<function xavier_initializer at 0x7f10a5bbfa60>,"(10, 10)"
0.42982561,0.00828894,0.23935846,0.1,0.005,0.8,<class 'activation_function.Relu'>,<function xavier_initializer at 0x7f10a5bbfa60>,"(30,)"
0.34782847,0.01050487,0.16909934,0.1,0.005,0.8,<class 'activation_function.TanH'>,<function xavier_initializer at 0x7f10a5bbfa60>,"(20, 20)"
0.31030606,0.01285178,0.1471065,0.1,0.005,0.8,<class 'activation_function.Relu'>,<function xavier_initializer at 0x7f10a5bbfa60>,"(10, 10)"
0.42982561,0.00828894,0.23949642,0.1,0.005,0.8,<class 'activation_function.TanH'>,<function ranged_uniform_initializer at 0x7f10a5bbfca0>,"(30,)"
0.30347145,0.01198337,0.1409135,0.1,0.005,0.8,<class 'activation_function.Relu'>,<function xavier_initializer at 0x7f10a5bbfa60>,"(20, 20)"
0.3551265,0.00994431,0.1751315,0.1,0.005,0.8,<class 'activation_function.TanH'>,<function xavier_initializer at 0x7f10a5bbfa60>,"(25, 25)"
0.30438012,0.01277357,0.14157291,0.1,0.005,0.8,<class 'activation_function.Relu'>,<function xavier_initializer at 0x7f10a5bbfa60>,"(25, 25)"
0.33302725,0.01094634,0.15830526,0.1,0.005,0.8,<class 'activation_function.TanH'>,<function ranged_uniform_initializer at 0x7f10a5bbfca0>,"(10, 10)"
0.42982561,0.00828894,0.23959788,0.1,0.005,0.8,<class 'activation_function.Relu'>,<function ranged_uniform_initializer at 0x7f10a5bbfca0>,"(30,)"
0.33986367,0.01076585,0.16339054,0.1,0.005,0.8,<class 'activation_function.TanH'>,<function ranged_uniform_initializer at 0x7f10a5bbfca0>,"(20, 20)"
0.42975587,0.00817159,0.23912468,0.1,0.005,1.2,<class 'activation_function.TanH'>,<function xavier_initializer at 0x7f10a5bbfa60>,"(30,)"
0.30907818,0.01268984,0.14395549,0.1,0.005,0.8,<class 'activation_function.Relu'>,<function ranged_uniform_initializer at 0x7f10a5bbfca0>,"(10, 10)"
0.34884133,0.00969954,0.17010185,0.1,0.005,0.8,<class 'activation_function.TanH'>,<function ranged_uniform_initializer at 0x7f10a5bbfca0>,"(25, 25)"
0.30853444,0.01200533,0.14351553,0.1,0.005,0.8,<class 'activation_function.Relu'>,<function ranged_uniform_initializer at 0x7f10a5bbfca0>,"(20, 20)"
0.30567175,0.01334568,0.14240168,0.1,0.005,0.8,<class 'activation_function.Relu'>,<function ranged_uniform_initializer at 0x7f10a5bbfca0>,"(25, 25)"
0.328486,0.011589,0.15464351,0.1,0.005,1.2,<class 'activation_function.TanH'>,<function xavier_initializer at 0x7f10a5bbfa60>,"(10, 10)"
0.42975587,0.00817159,0.23942832,0.1,0.005,1.2,<class 'activation_function.Relu'>,<function xavier_initializer at 0x7f10a5bbfa60>,"(30,)"
0.34233059,0.01051493,0.16464277,0.1,0.005,1.2,<class 'activation_function.TanH'>,<function xavier_initializer at 0x7f10a5bbfa60>,"(20, 20)"
0.42975587,0.00817159,0.23923676,0.1,0.005,1.2,<class 'activation_function.TanH'>,<function ranged_uniform_initializer at 0x7f10a5bbfca0>,"(30,)"
0.30500089,0.01274373,0.14250775,0.1,0.005,1.2,<class 'activation_function.Relu'>,<function xavier_initializer at 0x7f10a5bbfa60>,"(10, 10)"
0.33785434,0.00912938,0.161665,0.1,0.005,1.2,<class 'activation_function.TanH'>,<function xavier_initializer at 0x7f10a5bbfa60>,"(25, 25)"
0.30013881,0.01269633,0.13849504,0.1,0.005,1.2,<class 'activation_function.Relu'>,<function xavier_initializer at 0x7f10a5bbfa60>,"(20, 20)"
0.30015233,0.01355014,0.13856615,0.1,0.005,1.2,<class 'activation_function.Relu'>,<function xavier_initializer at 0x7f10a5bbfa60>,"(25, 25)"
0.32473232,0.01161618,0.15184291,0.1,0.005,1.2,<class 'activation_function.TanH'>,<function ranged_uniform_initializer at 0x7f10a5bbfca0>,"(10, 10)"
0.42975587,0.00817159,0.23915635,0.1,0.005,1.2,<class 'activation_function.Relu'>,<function ranged_uniform_initializer at 0x7f10a5bbfca0>,"(30,)"
0.33067512,0.01016935,0.15623625,0.1,0.005,1.2,<class 'activation_function.TanH'>,<function ranged_uniform_initializer at 0x7f10a5bbfca0>,"(20, 20)"
0.30825917,0.01351024,0.14370284,0.1,0.005,1.2,<class 'activation_function.Relu'>,<function ranged_uniform_initializer at 0x7f10a5bbfca0>,"(10, 10)"
0.43137978,0.00909562,0.24218077,0.1,0.01,0.4,<class 'activation_function.TanH'>,<function xavier_initializer at 0x7f10a5bbfa60>,"(30,)"
0.33561094,0.01043221,0.15994108,0.1,0.005,1.2,<class 'activation_function.TanH'>,<function ranged_uniform_initializer at 0x7f10a5bbfca0>,"(25, 25)"
0.30040729,0.01334665,0.13867922,0.1,0.005,1.2,<class 'activation_function.Relu'>,<function ranged_uniform_initializer at 0x7f10a5bbfca0>,"(20, 20)"
0.30102933,0.01292419,0.13807611,0.1,0.005,1.2,<class 'activation_function.Relu'>,<function ranged_uniform_initializer at 0x7f10a5bbfca0>,"(25, 25)"
0.36407626,0.00961029,0.18792745,0.1,0.01,0.4,<class 'activation_function.TanH'>,<function xavier_initializer at 0x7f10a5bbfa60>,"(10, 10)"
0.43137978,0.00909562,0.24283807,0.1,0.01,0.4,<class 'activation_function.Relu'>,<function xavier_initializer at 0x7f10a5bbfa60>,"(30,)"
0.38805817,0.01004661,0.20632716,0.1,0.01,0.4,<class 'activation_function.TanH'>,<function xavier_initializer at 0x7f10a5bbfa60>,"(20, 20)"
0.33108148,0.00946707,0.16423434,0.1,0.01,0.4,<class 'activation_function.Relu'>,<function xavier_initializer at 0x7f10a5bbfa60>,"(10, 10)"
0.43137978,0.00909562,0.24218789,0.1,0.01,0.4,<class 'activation_function.TanH'>,<function ranged_uniform_initializer at 0x7f10a5bbfca0>,"(30,)"
0.40949958,0.00933636,0.22409383,0.1,0.01,0.4,<class 'activation_function.TanH'>,<function xavier_initializer at 0x7f10a5bbfa60>,"(25, 25)"
0.33066062,0.00935979,0.16282612,0.1,0.01,0.4,<class 'activation_function.Relu'>,<function xavier_initializer at 0x7f10a5bbfa60>,"(20, 20)"
0.32822435,0.009643,0.16113215,0.1,0.01,0.4,<class 'activation_function.Relu'>,<function xavier_initializer at 0x7f10a5bbfa60>,"(25, 25)"
0.36620167,0.00944177,0.18929666,0.1,0.01,0.4,<class 'activation_function.TanH'>,<function ranged_uniform_initializer at 0x7f10a5bbfca0>,"(10, 10)"
0.43137978,0.00909562,0.2427671,0.1,0.01,0.4,<class 'activation_function.Relu'>,<function ranged_uniform_initializer at 0x7f10a5bbfca0>,"(30,)"
0.37161154,0.0097948,0.19323187,0.1,0.01,0.4,<class 'activation_function.TanH'>,<function ranged_uniform_initializer at 0x7f10a5bbfca0>,"(20, 20)"
0.33023537,0.01002739,0.1639673,0.1,0.01,0.4,<class 'activation_function.Relu'>,<function ranged_uniform_initializer at 0x7f10a5bbfca0>,"(10, 10)"
0.43063907,0.00883762,0.24096686,0.1,0.01,0.8,<class 'activation_function.TanH'>,<function xavier_initializer at 0x7f10a5bbfa60>,"(30,)"
0.38344658,0.0103744,0.20269436,0.1,0.01,0.4,<class 'activation_function.TanH'>,<function ranged_uniform_initializer at 0x7f10a5bbfca0>,"(25, 25)"
0.33053155,0.00979966,0.1641025,0.1,0.01,0.4,<class 'activation_function.Relu'>,<function ranged_uniform_initializer at 0x7f10a5bbfca0>,"(20, 20)"
0.32944841,0.01012561,0.16193877,0.1,0.01,0.4,<class 'activation_function.Relu'>,<function ranged_uniform_initializer at 0x7f10a5bbfca0>,"(25, 25)"
0.3602162,0.00789913,0.18228924,0.1,0.01,0.8,<class 'activation_function.TanH'>,<function xavier_initializer at 0x7f10a5bbfa60>,"(10, 10)"
0.43063907,0.00883762,0.2411372,0.1,0.01,0.8,<class 'activation_function.Relu'>,<function xavier_initializer at 0x7f10a5bbfa60>,"(30,)"
0.36474368,0.01053046,0.18599588,0.1,0.01,0.8,<class 'activation_function.TanH'>,<function xavier_initializer at 0x7f10a5bbfa60>,"(20, 20)"
0.43063907,0.00883762,0.2415268,0.1,0.01,0.8,<class 'activation_function.TanH'>,<function ranged_uniform_initializer at 0x7f10a5bbfca0>,"(30,)"
0.3216754,0.01075655,0.15555612,0.1,0.01,0.8,<class 'activation_function.Relu'>,<function xavier_initializer at 0x7f10a5bbfa60>,"(10, 10)"
0.321122,0.01015834,0.15545491,0.1,0.01,0.8,<class 'activation_function.Relu'>,<function xavier_initializer at 0x7f10a5bbfa60>,"(20, 20)"
0.37101781,0.01032504,0.19082417,0.1,0.01,0.8,<class 'activation_function.TanH'>,<function xavier_initializer at 0x7f10a5bbfa60>,"(25, 25)"
0.32103169,0.01028572,0.15448752,0.1,0.01,0.8,<class 'activation_function.Relu'>,<function xavier_initializer at 0x7f10a5bbfa60>,"(25, 25)"
0.34831444,0.01052345,0.17458304,0.1,0.01,0.8,<class 'activation_function.TanH'>,<function ranged_uniform_initializer at 0x7f10a5bbfca0>,"(10, 10)"
0.43063907,0.00883762,0.24108382,0.1,0.01,0.8,<class 'activation_function.Relu'>,<function ranged_uniform_initializer at 0x7f10a5bbfca0>,"(30,)"
0.35373419,0.01034405,0.17814039,0.1,0.01,0.8,<class 'activation_function.TanH'>,<function ranged_uniform_initializer at 0x7f10a5bbfca0>,"(20, 20)"
0.32578243,0.00997844,0.1599894,0.1,0.01,0.8,<class 'activation_function.Relu'>,<function ranged_uniform_initializer at 0x7f10a5bbfca0>,"(10, 10)"
0.43026499,0.00865396,0.24065298,0.1,0.01,1.2,<class 'activation_function.TanH'>,<function xavier_initializer at 0x7f10a5bbfa60>,"(30,)"
0.35580049,0.01017012,0.17953371,0.1,0.01,0.8,<class 'activation_function.TanH'>,<function ranged_uniform_initializer at 0x7f10a5bbfca0>,"(25, 25)"
0.32461683,0.01045268,0.15997678,0.1,0.01,0.8,<class 'activation_function.Relu'>,<function ranged_uniform_initializer at 0x7f10a5bbfca0>,"(20, 20)"
0.32237492,0.0104275,0.15731959,0.1,0.01,0.8,<class 'activation_function.Relu'>,<function ranged_uniform_initializer at 0x7f10a5bbfca0>,"(25, 25)"
0.34543858,0.01059788,0.17064046,0.1,0.01,1.2,<class 'activation_function.TanH'>,<function xavier_initializer at 0x7f10a5bbfa60>,"(10, 10)"
0.43026499,0.00865396,0.24055792,0.1,0.01,1.2,<class 'activation_function.Relu'>,<function xavier_initializer at 0x7f10a5bbfa60>,"(30,)"
0.35807992,0.00978096,0.1799634,0.1,0.01,1.2,<class 'activation_function.TanH'>,<function xavier_initializer at 0x7f10a5bbfa60>,"(20, 20)"
0.43026499,0.00865396,0.24032846,0.1,0.01,1.2,<class 'activation_function.TanH'>,<function ranged_uniform_initializer at 0x7f10a5bbfca0>,"(30,)"
0.31596279,0.01139057,0.15044365,0.1,0.01,1.2,<class 'activation_function.Relu'>,<function xavier_initializer at 0x7f10a5bbfa60>,"(10, 10)"
0.31441467,0.01077981,0.14922939,0.1,0.01,1.2,<class 'activation_function.Relu'>,<function xavier_initializer at 0x7f10a5bbfa60>,"(20, 20)"
0.35607567,0.01025569,0.17836342,0.1,0.01,1.2,<class 'activation_function.TanH'>,<function xavier_initializer at 0x7f10a5bbfa60>,"(25, 25)"
0.31497275,0.01125759,0.14982979,0.1,0.01,1.2,<class 'activation_function.Relu'>,<function xavier_initializer at 0x7f10a5bbfa60>,"(25, 25)"
0.34279173,0.01067572,0.16838236,0.1,0.01,1.2,<class 'activation_function.TanH'>,<function ranged_uniform_initializer at 0x7f10a5bbfca0>,"(10, 10)"
0.43026499,0.00865396,0.24033804,0.1,0.01,1.2,<class 'activation_function.Relu'>,<function ranged_uniform_initializer at 0x7f10a5bbfca0>,"(30,)"
0.34484795,0.01071354,0.17028426,0.1,0.01,1.2,<class 'activation_function.TanH'>,<function ranged_uniform_initializer at 0x7f10a5bbfca0>,"(20, 20)"
0.42984852,0.00754896,0.23921406,0.15,0,0.4,<class 'activation_function.TanH'>,<function xavier_initializer at 0x7f10a5bbfa60>,"(30,)"
0.31658865,0.01109984,0.15046368,0.1,0.01,1.2,<class 'activation_function.Relu'>,<function ranged_uniform_initializer at 0x7f10a5bbfca0>,"(10, 10)"
0.34212957,0.01070602,0.16881108,0.1,0.01,1.2,<class 'activation_function.TanH'>,<function ranged_uniform_initializer at 0x7f10a5bbfca0>,"(25, 25)"
0.31563194,0.01142001,0.15227148,0.1,0.01,1.2,<class 'activation_function.Relu'>,<function ranged_uniform_initializer at 0x7f10a5bbfca0>,"(20, 20)"
0.31723686,0.01163068,0.15241503,0.1,0.01,1.2,<class 'activation_function.Relu'>,<function ranged_uniform_initializer at 0x7f10a5bbfca0>,"(25, 25)"
0.30950509,0.00930785,0.13609323,0.15,0,0.4,<class 'activation_function.TanH'>,<function xavier_initializer at 0x7f10a5bbfa60>,"(10, 10)"
0.42984852,0.00754896,0.23871965,0.15,0,0.4,<class 'activation_function.Relu'>,<function xavier_initializer at 0x7f10a5bbfa60>,"(30,)"
0.30012775,0.00556108,0.12734086,0.15,0,0.4,<class 'activation_function.TanH'>,<function xavier_initializer at 0x7f10a5bbfa60>,"(20, 20)"
0.30865855,0.01497927,0.13961644,0.15,0,0.4,<class 'activation_function.Relu'>,<function xavier_initializer at 0x7f10a5bbfa60>,"(10, 10)"
0.42984852,0.00754896,0.23882784,0.15,0,0.4,<class 'activation_function.TanH'>,<function ranged_uniform_initializer at 0x7f10a5bbfca0>,"(30,)"
0.31028248,0.00851951,0.1321789,0.15,0,0.4,<class 'activation_function.TanH'>,<function xavier_initializer at 0x7f10a5bbfa60>,"(25, 25)"
0.30523444,0.01553375,0.13525814,0.15,0,0.4,<class 'activation_function.Relu'>,<function xavier_initializer at 0x7f10a5bbfa60>,"(20, 20)"
0.30467498,0.01342149,0.12789802,0.15,0,0.4,<class 'activation_function.Relu'>,<function xavier_initializer at 0x7f10a5bbfa60>,"(25, 25)"
0.29901845,0.00901183,0.12673573,0.15,0,0.4,<class 'activation_function.TanH'>,<function ranged_uniform_initializer at 0x7f10a5bbfca0>,"(10, 10)"
0.42984852,0.00754896,0.23853406,0.15,0,0.4,<class 'activation_function.Relu'>,<function ranged_uniform_initializer at 0x7f10a5bbfca0>,"(30,)"
0.29006599,0.00372427,0.12159327,0.15,0,0.4,<class 'activation_function.TanH'>,<function ranged_uniform_initializer at 0x7f10a5bbfca0>,"(20, 20)"
0.42984852,0.00754896,0.2387998,0.15,0,0.8,<class 'activation_function.TanH'>,<function xavier_initializer at 0x7f10a5bbfa60>,"(30,)"
0.30344486,0.01361912,0.13042258,0.15,0,0.4,<class 'activation_function.Relu'>,<function ranged_uniform_initializer at 0x7f10a5bbfca0>,"(10, 10)"
0.29930721,0.01080347,0.12415092,0.15,0,0.4,<class 'activation_function.TanH'>,<function ranged_uniform_initializer at 0x7f10a5bbfca0>,"(25, 25)"
0.30003101,0.01413245,0.12653023,0.15,0,0.4,<class 'activation_function.Relu'>,<function ranged_uniform_initializer at 0x7f10a5bbfca0>,"(20, 20)"
0.31009604,0.01219719,0.12929172,0.15,0,0.4,<class 'activation_function.Relu'>,<function ranged_uniform_initializer at 0x7f10a5bbfca0>,"(25, 25)"
0.31848395,0.01048753,0.13918467,0.15,0,0.8,<class 'activation_function.TanH'>,<function xavier_initializer at 0x7f10a5bbfa60>,"(10, 10)"
0.42984852,0.00754896,0.23890885,0.15,0,0.8,<class 'activation_function.Relu'>,<function xavier_initializer at 0x7f10a5bbfa60>,"(30,)"
0.3019703,0.0101471,0.12767689,0.15,0,0.8,<class 'activation_function.TanH'>,<function xavier_initializer at 0x7f10a5bbfa60>,"(20, 20)"
0.30491513,0.0157287,0.13584273,0.15,0,0.8,<class 'activation_function.Relu'>,<function xavier_initializer at 0x7f10a5bbfa60>,"(10, 10)"
0.42984852,0.00754896,0.23937107,0.15,0,0.8,<class 'activation_function.TanH'>,<function ranged_uniform_initializer at 0x7f10a5bbfca0>,"(30,)"
0.29783877,0.01210853,0.12917565,0.15,0,0.8,<class 'activation_function.Relu'>,<function xavier_initializer at 0x7f10a5bbfa60>,"(20, 20)"
0.31108608,0.00882238,0.13142891,0.15,0,0.8,<class 'activation_function.TanH'>,<function xavier_initializer at 0x7f10a5bbfa60>,"(25, 25)"
0.30547995,0.01479332,0.13161206,0.15,0,0.8,<class 'activation_function.Relu'>,<function xavier_initializer at 0x7f10a5bbfa60>,"(25, 25)"
0.29600375,0.01120573,0.12779007,0.15,0,0.8,<class 'activation_function.TanH'>,<function ranged_uniform_initializer at 0x7f10a5bbfca0>,"(10, 10)"
0.42984852,0.00754896,0.23882537,0.15,0,0.8,<class 'activation_function.Relu'>,<function ranged_uniform_initializer at 0x7f10a5bbfca0>,"(30,)"
0.2940235,0.00810066,0.12052307,0.15,0,0.8,<class 'activation_function.TanH'>,<function ranged_uniform_initializer at 0x7f10a5bbfca0>,"(20, 20)"
8.459832840248923e+17,1.2499296345055565e+18,0.43129244,0.15,0,1.2,<class 'activation_function.TanH'>,<function xavier_initializer at 0x7f10a5bbfa60>,"(30,)"
0.29979166,0.01546194,0.13305578,0.15,0,0.8,<class 'activation_function.Relu'>,<function ranged_uniform_initializer at 0x7f10a5bbfca0>,"(10, 10)"
0.31503949,0.01763804,0.11916135,0.15,0,0.8,<class 'activation_function.TanH'>,<function ranged_uniform_initializer at 0x7f10a5bbfca0>,"(25, 25)"
0.30076478,0.01213738,0.12401637,0.15,0,0.8,<class 'activation_function.Relu'>,<function ranged_uniform_initializer at 0x7f10a5bbfca0>,"(20, 20)"
0.29924116,0.01762482,0.12226288,0.15,0,0.8,<class 'activation_function.Relu'>,<function ranged_uniform_initializer at 0x7f10a5bbfca0>,"(25, 25)"
0.30607317,0.00665747,0.13024631,0.15,0,1.2,<class 'activation_function.TanH'>,<function xavier_initializer at 0x7f10a5bbfa60>,"(10, 10)"
2.7239380003640426e+17,4.006760671919852e+17,0.35415886,0.15,0,1.2,<class 'activation_function.Relu'>,<function xavier_initializer at 0x7f10a5bbfa60>,"(30,)"
0.30374419,0.00885515,0.12700551,0.15,0,1.2,<class 'activation_function.TanH'>,<function xavier_initializer at 0x7f10a5bbfa60>,"(20, 20)"
7.563242713211181e+17,1.1193405926735663e+18,0.49104802,0.15,0,1.2,<class 'activation_function.TanH'>,<function ranged_uniform_initializer at 0x7f10a5bbfca0>,"(30,)"
0.3030095,0.01588835,0.13312651,0.15,0,1.2,<class 'activation_function.Relu'>,<function xavier_initializer at 0x7f10a5bbfa60>,"(10, 10)"
0.30657028,0.00508478,0.12781313,0.15,0,1.2,<class 'activation_function.TanH'>,<function xavier_initializer at 0x7f10a5bbfa60>,"(25, 25)"
0.30898011,0.01294218,0.1332613,0.15,0,1.2,<class 'activation_function.Relu'>,<function xavier_initializer at 0x7f10a5bbfa60>,"(20, 20)"
0.30064946,0.01386677,0.12860225,0.15,0,1.2,<class 'activation_function.Relu'>,<function xavier_initializer at 0x7f10a5bbfa60>,"(25, 25)"
0.29828111,0.00700907,0.12578363,0.15,0,1.2,<class 'activation_function.TanH'>,<function ranged_uniform_initializer at 0x7f10a5bbfca0>,"(10, 10)"
8.514797063376988e+17,1.2580040281781565e+18,0.33978672,0.15,0,1.2,<class 'activation_function.Relu'>,<function ranged_uniform_initializer at 0x7f10a5bbfca0>,"(30,)"
0.29797626,0.00719677,0.12497692,0.15,0,1.2,<class 'activation_function.TanH'>,<function ranged_uniform_initializer at 0x7f10a5bbfca0>,"(20, 20)"
0.30219219,0.02097491,0.13113805,0.15,0,1.2,<class 'activation_function.Relu'>,<function ranged_uniform_initializer at 0x7f10a5bbfca0>,"(10, 10)"
0.42976848,0.0081973,0.23935238,0.15,0.005,0.4,<class 'activation_function.TanH'>,<function xavier_initializer at 0x7f10a5bbfa60>,"(30,)"
0.2764179,0.00965141,0.11322668,0.15,0,1.2,<class 'activation_function.TanH'>,<function ranged_uniform_initializer at 0x7f10a5bbfca0>,"(25, 25)"
0.32805556,0.01148321,0.12574189,0.15,0,1.2,<class 'activation_function.Relu'>,<function ranged_uniform_initializer at 0x7f10a5bbfca0>,"(20, 20)"
0.30175466,0.01350874,0.12257613,0.15,0,1.2,<class 'activation_function.Relu'>,<function ranged_uniform_initializer at 0x7f10a5bbfca0>,"(25, 25)"
0.33142943,0.01034567,0.15675335,0.15,0.005,0.4,<class 'activation_function.TanH'>,<function xavier_initializer at 0x7f10a5bbfa60>,"(10, 10)"
0.42976848,0.0081973,0.2392306,0.15,0.005,0.4,<class 'activation_function.Relu'>,<function xavier_initializer at 0x7f10a5bbfa60>,"(30,)"
0.33984904,0.00959196,0.16286863,0.15,0.005,0.4,<class 'activation_function.TanH'>,<function xavier_initializer at 0x7f10a5bbfa60>,"(20, 20)"
0.30555269,0.01130239,0.14191201,0.15,0.005,0.4,<class 'activation_function.Relu'>,<function xavier_initializer at 0x7f10a5bbfa60>,"(10, 10)"
0.35029769,0.00736475,0.16977435,0.15,0.005,0.4,<class 'activation_function.TanH'>,<function xavier_initializer at 0x7f10a5bbfa60>,"(25, 25)"
0.42976848,0.0081973,0.23924615,0.15,0.005,0.4,<class 'activation_function.TanH'>,<function ranged_uniform_initializer at 0x7f10a5bbfca0>,"(30,)"
0.30088966,0.01239034,0.13870052,0.15,0.005,0.4,<class 'activation_function.Relu'>,<function xavier_initializer at 0x7f10a5bbfa60>,"(20, 20)"
0.30165171,0.01287223,0.13881436,0.15,0.005,0.4,<class 'activation_function.Relu'>,<function xavier_initializer at 0x7f10a5bbfa60>,"(25, 25)"
0.32538176,0.01096387,0.15226966,0.15,0.005,0.4,<class 'activation_function.TanH'>,<function ranged_uniform_initializer at 0x7f10a5bbfca0>,"(10, 10)"
0.42976848,0.0081973,0.2391743,0.15,0.005,0.4,<class 'activation_function.Relu'>,<function ranged_uniform_initializer at 0x7f10a5bbfca0>,"(30,)"
0.33489334,0.01049491,0.15974206,0.15,0.005,0.4,<class 'activation_function.TanH'>,<function ranged_uniform_initializer at 0x7f10a5bbfca0>,"(20, 20)"
0.42971968,0.00806856,0.23959905,0.15,0.005,0.8,<class 'activation_function.TanH'>,<function xavier_initializer at 0x7f10a5bbfa60>,"(30,)"
0.30313833,0.01234496,0.1403634,0.15,0.005,0.4,<class 'activation_function.Relu'>,<function ranged_uniform_initializer at 0x7f10a5bbfca0>,"(10, 10)"
0.3393591,0.00911637,0.16230122,0.15,0.005,0.4,<class 'activation_function.TanH'>,<function ranged_uniform_initializer at 0x7f10a5bbfca0>,"(25, 25)"
0.30532041,0.01209291,0.14229263,0.15,0.005,0.4,<class 'activation_function.Relu'>,<function ranged_uniform_initializer at 0x7f10a5bbfca0>,"(20, 20)"
0.30653709,0.01257748,0.14031555,0.15,0.005,0.4,<class 'activation_function.Relu'>,<function ranged_uniform_initializer at 0x7f10a5bbfca0>,"(25, 25)"
0.31624878,0.01215697,0.14492819,0.15,0.005,0.8,<class 'activation_function.TanH'>,<function xavier_initializer at 0x7f10a5bbfa60>,"(10, 10)"
0.42971968,0.00806856,0.23906703,0.15,0.005,0.8,<class 'activation_function.Relu'>,<function xavier_initializer at 0x7f10a5bbfa60>,"(30,)"
0.3290545,0.01084717,0.15435606,0.15,0.005,0.8,<class 'activation_function.TanH'>,<function xavier_initializer at 0x7f10a5bbfa60>,"(20, 20)"
0.42971968,0.00806856,0.23966585,0.15,0.005,0.8,<class 'activation_function.TanH'>,<function ranged_uniform_initializer at 0x7f10a5bbfca0>,"(30,)"
0.29547574,0.01420078,0.13747371,0.15,0.005,0.8,<class 'activation_function.Relu'>,<function xavier_initializer at 0x7f10a5bbfa60>,"(10, 10)"
0.33771044,0.00820699,0.15976401,0.15,0.005,0.8,<class 'activation_function.TanH'>,<function xavier_initializer at 0x7f10a5bbfa60>,"(25, 25)"
0.30096606,0.01180217,0.13810627,0.15,0.005,0.8,<class 'activation_function.Relu'>,<function xavier_initializer at 0x7f10a5bbfa60>,"(20, 20)"
0.29787098,0.01375596,0.13546626,0.15,0.005,0.8,<class 'activation_function.Relu'>,<function xavier_initializer at 0x7f10a5bbfa60>,"(25, 25)"
0.32402463,0.01030894,0.15017735,0.15,0.005,0.8,<class 'activation_function.TanH'>,<function ranged_uniform_initializer at 0x7f10a5bbfca0>,"(10, 10)"
0.42971968,0.00806856,0.23883396,0.15,0.005,0.8,<class 'activation_function.Relu'>,<function ranged_uniform_initializer at 0x7f10a5bbfca0>,"(30,)"
0.32673396,0.01160084,0.15241332,0.15,0.005,0.8,<class 'activation_function.TanH'>,<function ranged_uniform_initializer at 0x7f10a5bbfca0>,"(20, 20)"
3.926853050556283e+17,4.076970461112512e+17,0.3840537,0.15,0.005,1.2,<class 'activation_function.TanH'>,<function xavier_initializer at 0x7f10a5bbfa60>,"(30,)"
0.29856869,0.01303856,0.13790613,0.15,0.005,0.8,<class 'activation_function.Relu'>,<function ranged_uniform_initializer at 0x7f10a5bbfca0>,"(10, 10)"
0.32329995,0.01251734,0.1501768,0.15,0.005,0.8,<class 'activation_function.TanH'>,<function ranged_uniform_initializer at 0x7f10a5bbfca0>,"(25, 25)"
0.29570681,0.01318311,0.13529274,0.15,0.005,0.8,<class 'activation_function.Relu'>,<function ranged_uniform_initializer at 0x7f10a5bbfca0>,"(20, 20)"
0.31471841,0.01200522,0.14334706,0.15,0.005,1.2,<class 'activation_function.TanH'>,<function xavier_initializer at 0x7f10a5bbfa60>,"(10, 10)"
0.29915142,0.01337168,0.13572933,0.15,0.005,0.8,<class 'activation_function.Relu'>,<function ranged_uniform_initializer at 0x7f10a5bbfca0>,"(25, 25)"
5.7237505149686886e+17,5.902432090818362e+17,0.36763671,0.15,0.005,1.2,<class 'activation_function.Relu'>,<function xavier_initializer at 0x7f10a5bbfa60>,"(30,)"
0.31980669,0.01116278,0.14583903,0.15,0.005,1.2,<class 'activation_function.TanH'>,<function xavier_initializer at 0x7f10a5bbfa60>,"(20, 20)"
2.88309453704618e+17,2.9963886862104864e+17,0.29964114,0.15,0.005,1.2,<class 'activation_function.TanH'>,<function ranged_uniform_initializer at 0x7f10a5bbfca0>,"(30,)"
0.31957584,0.0236422,0.13521239,0.15,0.005,1.2,<class 'activation_function.Relu'>,<function xavier_initializer at 0x7f10a5bbfa60>,"(10, 10)"
0.32137714,0.01197023,0.14802688,0.15,0.005,1.2,<class 'activation_function.TanH'>,<function xavier_initializer at 0x7f10a5bbfa60>,"(25, 25)"
0.29437319,0.01465515,0.13375184,0.15,0.005,1.2,<class 'activation_function.Relu'>,<function xavier_initializer at 0x7f10a5bbfa60>,"(20, 20)"
0.29258037,0.01319363,0.13207677,0.15,0.005,1.2,<class 'activation_function.Relu'>,<function xavier_initializer at 0x7f10a5bbfa60>,"(25, 25)"
0.31632424,0.01195975,0.1436517,0.15,0.005,1.2,<class 'activation_function.TanH'>,<function ranged_uniform_initializer at 0x7f10a5bbfca0>,"(10, 10)"
8.610829926717484e+17,8.908872311638034e+17,0.36953804,0.15,0.005,1.2,<class 'activation_function.Relu'>,<function ranged_uniform_initializer at 0x7f10a5bbfca0>,"(30,)"
0.31819196,0.0113569,0.14610138,0.15,0.005,1.2,<class 'activation_function.TanH'>,<function ranged_uniform_initializer at 0x7f10a5bbfca0>,"(20, 20)"
0.29627029,0.01326235,0.13670303,0.15,0.005,1.2,<class 'activation_function.Relu'>,<function ranged_uniform_initializer at 0x7f10a5bbfca0>,"(10, 10)"
0.43033764,0.00869452,0.24056402,0.15,0.01,0.4,<class 'activation_function.TanH'>,<function xavier_initializer at 0x7f10a5bbfa60>,"(30,)"
0.3220217,0.01252834,0.1503796,0.15,0.005,1.2,<class 'activation_function.TanH'>,<function ranged_uniform_initializer at 0x7f10a5bbfca0>,"(25, 25)"
0.30696415,0.0129549,0.13441614,0.15,0.005,1.2,<class 'activation_function.Relu'>,<function ranged_uniform_initializer at 0x7f10a5bbfca0>,"(20, 20)"
0.29895264,0.01458057,0.13568874,0.15,0.005,1.2,<class 'activation_function.Relu'>,<function ranged_uniform_initializer at 0x7f10a5bbfca0>,"(25, 25)"
0.34498634,0.01061132,0.17058175,0.15,0.01,0.4,<class 'activation_function.TanH'>,<function xavier_initializer at 0x7f10a5bbfa60>,"(10, 10)"
0.43033764,0.00869452,0.24088991,0.15,0.01,0.4,<class 'activation_function.Relu'>,<function xavier_initializer at 0x7f10a5bbfa60>,"(30,)"
0.36229847,0.01058904,0.18254252,0.15,0.01,0.4,<class 'activation_function.TanH'>,<function xavier_initializer at 0x7f10a5bbfa60>,"(20, 20)"
0.31492306,0.01125695,0.14978208,0.15,0.01,0.4,<class 'activation_function.Relu'>,<function xavier_initializer at 0x7f10a5bbfa60>,"(10, 10)"
0.43033764,0.00869452,0.24094513,0.15,0.01,0.4,<class 'activation_function.TanH'>,<function ranged_uniform_initializer at 0x7f10a5bbfca0>,"(30,)"
0.35602962,0.01044426,0.17767709,0.15,0.01,0.4,<class 'activation_function.TanH'>,<function xavier_initializer at 0x7f10a5bbfa60>,"(25, 25)"
0.31687954,0.01072142,0.15037875,0.15,0.01,0.4,<class 'activation_function.Relu'>,<function xavier_initializer at 0x7f10a5bbfa60>,"(20, 20)"
0.3395086,0.01074443,0.16688581,0.15,0.01,0.4,<class 'activation_function.TanH'>,<function ranged_uniform_initializer at 0x7f10a5bbfca0>,"(10, 10)"
0.31721225,0.01036101,0.151498,0.15,0.01,0.4,<class 'activation_function.Relu'>,<function xavier_initializer at 0x7f10a5bbfa60>,"(25, 25)"
0.43033764,0.00869452,0.24056226,0.15,0.01,0.4,<class 'activation_function.Relu'>,<function ranged_uniform_initializer at 0x7f10a5bbfca0>,"(30,)"
0.34738234,0.01073043,0.17242232,0.15,0.01,0.4,<class 'activation_function.TanH'>,<function ranged_uniform_initializer at 0x7f10a5bbfca0>,"(20, 20)"
0.31512149,0.01144954,0.15162241,0.15,0.01,0.4,<class 'activation_function.Relu'>,<function ranged_uniform_initializer at 0x7f10a5bbfca0>,"(10, 10)"
0.43002049,0.00848824,0.24025617,0.15,0.01,0.8,<class 'activation_function.TanH'>,<function xavier_initializer at 0x7f10a5bbfa60>,"(30,)"
0.31920176,0.01060595,0.15553516,0.15,0.01,0.4,<class 'activation_function.Relu'>,<function ranged_uniform_initializer at 0x7f10a5bbfca0>,"(20, 20)"
0.34838763,0.01087407,0.17301677,0.15,0.01,0.4,<class 'activation_function.TanH'>,<function ranged_uniform_initializer at 0x7f10a5bbfca0>,"(25, 25)"
0.3191752,0.01060225,0.15451063,0.15,0.01,0.4,<class 'activation_function.Relu'>,<function ranged_uniform_initializer at 0x7f10a5bbfca0>,"(25, 25)"
0.33311338,0.01144839,0.16090057,0.15,0.01,0.8,<class 'activation_function.TanH'>,<function xavier_initializer at 0x7f10a5bbfa60>,"(10, 10)"
0.43002049,0.00848824,0.23982534,0.15,0.01,0.8,<class 'activation_function.Relu'>,<function xavier_initializer at 0x7f10a5bbfa60>,"(30,)"
0.34194725,0.01108336,0.16700417,0.15,0.01,0.8,<class 'activation_function.TanH'>,<function xavier_initializer at 0x7f10a5bbfa60>,"(20, 20)"
0.31239109,0.0109621,0.14833494,0.15,0.01,0.8,<class 'activation_function.Relu'>,<function xavier_initializer at 0x7f10a5bbfa60>,"(10, 10)"
0.34641525,0.00992026,0.16998725,0.15,0.01,0.8,<class 'activation_function.TanH'>,<function xavier_initializer at 0x7f10a5bbfa60>,"(25, 25)"
0.43002049,0.00848824,0.23980517,0.15,0.01,0.8,<class 'activation_function.TanH'>,<function ranged_uniform_initializer at 0x7f10a5bbfca0>,"(30,)"
0.31033022,0.01170775,0.14760161,0.15,0.01,0.8,<class 'activation_function.Relu'>,<function xavier_initializer at 0x7f10a5bbfa60>,"(20, 20)"
0.31042946,0.0117273,0.14716363,0.15,0.01,0.8,<class 'activation_function.Relu'>,<function xavier_initializer at 0x7f10a5bbfa60>,"(25, 25)"
0.32950028,0.01173994,0.15892764,0.15,0.01,0.8,<class 'activation_function.TanH'>,<function ranged_uniform_initializer at 0x7f10a5bbfca0>,"(10, 10)"
0.43002049,0.00848824,0.24038184,0.15,0.01,0.8,<class 'activation_function.Relu'>,<function ranged_uniform_initializer at 0x7f10a5bbfca0>,"(30,)"
0.339286,0.01104812,0.16484709,0.15,0.01,0.8,<class 'activation_function.TanH'>,<function ranged_uniform_initializer at 0x7f10a5bbfca0>,"(20, 20)"
0.3123751,0.010889,0.14847353,0.15,0.01,0.8,<class 'activation_function.Relu'>,<function ranged_uniform_initializer at 0x7f10a5bbfca0>,"(10, 10)"
4.3645904185281216e+17,4.0387550394082e+17,0.31741093,0.15,0.01,1.2,<class 'activation_function.TanH'>,<function xavier_initializer at 0x7f10a5bbfa60>,"(30,)"
0.3391188,0.0110054,0.16565062,0.15,0.01,0.8,<class 'activation_function.TanH'>,<function ranged_uniform_initializer at 0x7f10a5bbfca0>,"(25, 25)"
0.30961445,0.01234079,0.14650683,0.15,0.01,0.8,<class 'activation_function.Relu'>,<function ranged_uniform_initializer at 0x7f10a5bbfca0>,"(20, 20)"
0.31156816,0.01170491,0.14911303,0.15,0.01,0.8,<class 'activation_function.Relu'>,<function ranged_uniform_initializer at 0x7f10a5bbfca0>,"(25, 25)"
0.32747867,0.01204155,0.15486101,0.15,0.01,1.2,<class 'activation_function.TanH'>,<function xavier_initializer at 0x7f10a5bbfa60>,"(10, 10)"
5.2137924367008045e+17,4.812092906858689e+17,0.33138584,0.15,0.01,1.2,<class 'activation_function.Relu'>,<function xavier_initializer at 0x7f10a5bbfa60>,"(30,)"
0.33359246,0.0118562,0.15920987,0.15,0.01,1.2,<class 'activation_function.TanH'>,<function xavier_initializer at 0x7f10a5bbfa60>,"(20, 20)"
0.31106705,0.0120788,0.14720847,0.15,0.01,1.2,<class 'activation_function.Relu'>,<function xavier_initializer at 0x7f10a5bbfa60>,"(10, 10)"
4.239976666971733e+17,3.9162324244048634e+17,0.35642257,0.15,0.01,1.2,<class 'activation_function.TanH'>,<function ranged_uniform_initializer at 0x7f10a5bbfca0>,"(30,)"
0.33410803,0.0112739,0.15993804,0.15,0.01,1.2,<class 'activation_function.TanH'>,<function xavier_initializer at 0x7f10a5bbfa60>,"(25, 25)"
0.31413673,0.01457167,0.14426163,0.15,0.01,1.2,<class 'activation_function.Relu'>,<function xavier_initializer at 0x7f10a5bbfa60>,"(20, 20)"
0.31207236,0.01851714,0.14370098,0.15,0.01,1.2,<class 'activation_function.Relu'>,<function xavier_initializer at 0x7f10a5bbfa60>,"(25, 25)"
0.32691806,0.0116991,0.15454928,0.15,0.01,1.2,<class 'activation_function.TanH'>,<function ranged_uniform_initializer at 0x7f10a5bbfca0>,"(10, 10)"
9.04199158864727e+17,8.376718525152851e+17,0.38054872,0.15,0.01,1.2,<class 'activation_function.Relu'>,<function ranged_uniform_initializer at 0x7f10a5bbfca0>,"(30,)"
0.32726145,0.01199638,0.15712689,0.15,0.01,1.2,<class 'activation_function.TanH'>,<function ranged_uniform_initializer at 0x7f10a5bbfca0>,"(20, 20)"
0.31344722,0.01172443,0.14948855,0.15,0.01,1.2,<class 'activation_function.Relu'>,<function ranged_uniform_initializer at 0x7f10a5bbfca0>,"(10, 10)"
0.32771083,0.0120445,0.15619496,0.15,0.01,1.2,<class 'activation_function.TanH'>,<function ranged_uniform_initializer at 0x7f10a5bbfca0>,"(25, 25)"
0.42984852,0.00754896,0.23868068,0.2,0,0.4,<class 'activation_function.TanH'>,<function xavier_initializer at 0x7f10a5bbfa60>,"(30,)"
0.3052514,0.01356935,0.14192249,0.15,0.01,1.2,<class 'activation_function.Relu'>,<function ranged_uniform_initializer at 0x7f10a5bbfca0>,"(20, 20)"
0.31454138,0.00674031,0.1431291,0.15,0.01,1.2,<class 'activation_function.Relu'>,<function ranged_uniform_initializer at 0x7f10a5bbfca0>,"(25, 25)"
0.28930954,0.01156063,0.12182977,0.2,0,0.4,<class 'activation_function.TanH'>,<function xavier_initializer at 0x7f10a5bbfa60>,"(10, 10)"
0.42984852,0.00754896,0.23890276,0.2,0,0.4,<class 'activation_function.Relu'>,<function xavier_initializer at 0x7f10a5bbfa60>,"(30,)"
0.28855962,0.01137172,0.11837812,0.2,0,0.4,<class 'activation_function.TanH'>,<function xavier_initializer at 0x7f10a5bbfa60>,"(20, 20)"
0.42984852,0.00754896,0.23890328,0.2,0,0.4,<class 'activation_function.TanH'>,<function ranged_uniform_initializer at 0x7f10a5bbfca0>,"(30,)"
0.30677599,0.01235854,0.13688448,0.2,0,0.4,<class 'activation_function.Relu'>,<function xavier_initializer at 0x7f10a5bbfa60>,"(10, 10)"
0.2920794,0.00777454,0.11808835,0.2,0,0.4,<class 'activation_function.TanH'>,<function xavier_initializer at 0x7f10a5bbfa60>,"(25, 25)"
0.30577359,0.0122232,0.12954769,0.2,0,0.4,<class 'activation_function.Relu'>,<function xavier_initializer at 0x7f10a5bbfa60>,"(20, 20)"
0.30877734,0.01624649,0.12969555,0.2,0,0.4,<class 'activation_function.Relu'>,<function xavier_initializer at 0x7f10a5bbfa60>,"(25, 25)"
0.31088849,0.00989158,0.13245771,0.2,0,0.4,<class 'activation_function.TanH'>,<function ranged_uniform_initializer at 0x7f10a5bbfca0>,"(10, 10)"
0.42984852,0.00754896,0.23882327,0.2,0,0.4,<class 'activation_function.Relu'>,<function ranged_uniform_initializer at 0x7f10a5bbfca0>,"(30,)"
0.29938729,0.00846999,0.12457362,0.2,0,0.4,<class 'activation_function.TanH'>,<function ranged_uniform_initializer at 0x7f10a5bbfca0>,"(20, 20)"
54009.60551763,42154.4863761,0.26200903,0.2,0,0.8,<class 'activation_function.TanH'>,<function xavier_initializer at 0x7f10a5bbfa60>,"(30,)"
0.30061682,0.01233939,0.13045165,0.2,0,0.4,<class 'activation_function.Relu'>,<function ranged_uniform_initializer at 0x7f10a5bbfca0>,"(10, 10)"
0.28559467,0.01053431,0.115781,0.2,0,0.4,<class 'activation_function.TanH'>,<function ranged_uniform_initializer at 0x7f10a5bbfca0>,"(25, 25)"
0.30543965,0.01138395,0.12410137,0.2,0,0.4,<class 'activation_function.Relu'>,<function ranged_uniform_initializer at 0x7f10a5bbfca0>,"(20, 20)"
0.30109423,0.0122382,0.11906395,0.2,0,0.4,<class 'activation_function.Relu'>,<function ranged_uniform_initializer at 0x7f10a5bbfca0>,"(25, 25)"
0.29962846,0.00983567,0.12690016,0.2,0,0.8,<class 'activation_function.TanH'>,<function xavier_initializer at 0x7f10a5bbfa60>,"(10, 10)"
17089.79909853,13175.37220465,0.24107175,0.2,0,0.8,<class 'activation_function.Relu'>,<function xavier_initializer at 0x7f10a5bbfa60>,"(30,)"
0.29920662,0.01483826,0.12240193,0.2,0,0.8,<class 'activation_function.TanH'>,<function xavier_initializer at 0x7f10a5bbfa60>,"(20, 20)"
38092.4033021,29927.98730321,0.25067444,0.2,0,0.8,<class 'activation_function.TanH'>,<function ranged_uniform_initializer at 0x7f10a5bbfca0>,"(30,)"
0.30885788,0.01225783,0.13554338,0.2,0,0.8,<class 'activation_function.Relu'>,<function xavier_initializer at 0x7f10a5bbfa60>,"(10, 10)"
0.32036147,0.02037443,0.12899557,0.2,0,0.8,<class 'activation_function.Relu'>,<function xavier_initializer at 0x7f10a5bbfa60>,"(20, 20)"
0.2821152,0.00784913,0.11220127,0.2,0,0.8,<class 'activation_function.TanH'>,<function xavier_initializer at 0x7f10a5bbfa60>,"(25, 25)"
0.31299068,0.01593153,0.13392636,0.2,0,0.8,<class 'activation_function.Relu'>,<function xavier_initializer at 0x7f10a5bbfa60>,"(25, 25)"
0.28907908,0.01479384,0.11998126,0.2,0,0.8,<class 'activation_function.TanH'>,<function ranged_uniform_initializer at 0x7f10a5bbfca0>,"(10, 10)"
29520.49127951,22854.22427139,0.24763591,0.2,0,0.8,<class 'activation_function.Relu'>,<function ranged_uniform_initializer at 0x7f10a5bbfca0>,"(30,)"
0.27608261,0.01156737,0.11389672,0.2,0,0.8,<class 'activation_function.TanH'>,<function ranged_uniform_initializer at 0x7f10a5bbfca0>,"(20, 20)"
0.30640431,0.01396942,0.13821597,0.2,0,0.8,<class 'activation_function.Relu'>,<function ranged_uniform_initializer at 0x7f10a5bbfca0>,"(10, 10)"
3.5271336549247556e+48,5.103658962292272e+48,0.33016136,0.2,0,1.2,<class 'activation_function.TanH'>,<function xavier_initializer at 0x7f10a5bbfa60>,"(30,)"
0.32440491,0.02208608,0.11406877,0.2,0,0.8,<class 'activation_function.TanH'>,<function ranged_uniform_initializer at 0x7f10a5bbfca0>,"(25, 25)"
0.31760114,0.02137924,0.12043941,0.2,0,0.8,<class 'activation_function.Relu'>,<function ranged_uniform_initializer at 0x7f10a5bbfca0>,"(20, 20)"
0.29812444,0.01344893,0.1252435,0.2,0,0.8,<class 'activation_function.Relu'>,<function ranged_uniform_initializer at 0x7f10a5bbfca0>,"(25, 25)"
0.29481404,0.01181299,0.12089455,0.2,0,1.2,<class 'activation_function.TanH'>,<function xavier_initializer at 0x7f10a5bbfa60>,"(10, 10)"
1.4392819474520743e+49,2.0775237879708883e+49,0.74186556,0.2,0,1.2,<class 'activation_function.Relu'>,<function xavier_initializer at 0x7f10a5bbfa60>,"(30,)"
0.31452445,0.01350507,0.12200147,0.2,0,1.2,<class 'activation_function.TanH'>,<function xavier_initializer at 0x7f10a5bbfa60>,"(20, 20)"
0.32456463,0.01511001,0.13787487,0.2,0,1.2,<class 'activation_function.Relu'>,<function xavier_initializer at 0x7f10a5bbfa60>,"(10, 10)"
3.094876678383365e+48,4.488380436673483e+48,0.29942977,0.2,0,1.2,<class 'activation_function.TanH'>,<function ranged_uniform_initializer at 0x7f10a5bbfca0>,"(30,)"
0.30736052,0.01947485,0.11877127,0.2,0,1.2,<class 'activation_function.TanH'>,<function xavier_initializer at 0x7f10a5bbfa60>,"(25, 25)"
0.32940494,0.02773933,0.1352406,0.2,0,1.2,<class 'activation_function.Relu'>,<function xavier_initializer at 0x7f10a5bbfa60>,"(20, 20)"
0.33600926,0.02120462,0.12878203,0.2,0,1.2,<class 'activation_function.Relu'>,<function xavier_initializer at 0x7f10a5bbfa60>,"(25, 25)"
0.29078608,0.00961406,0.12368046,0.2,0,1.2,<class 'activation_function.TanH'>,<function ranged_uniform_initializer at 0x7f10a5bbfca0>,"(10, 10)"
1.904386345417378e+49,2.750241671953602e+49,0.84928634,0.2,0,1.2,<class 'activation_function.Relu'>,<function ranged_uniform_initializer at 0x7f10a5bbfca0>,"(30,)"
0.30733416,0.01356857,0.11766457,0.2,0,1.2,<class 'activation_function.TanH'>,<function ranged_uniform_initializer at 0x7f10a5bbfca0>,"(20, 20)"
0.30679106,0.01309748,0.13266455,0.2,0,1.2,<class 'activation_function.Relu'>,<function ranged_uniform_initializer at 0x7f10a5bbfca0>,"(10, 10)"
0.42971592,0.00805191,0.23903927,0.2,0.005,0.4,<class 'activation_function.TanH'>,<function xavier_initializer at 0x7f10a5bbfa60>,"(30,)"
0.32412209,0.01247859,0.12205761,0.2,0,1.2,<class 'activation_function.TanH'>,<function ranged_uniform_initializer at 0x7f10a5bbfca0>,"(25, 25)"
0.32170517,0.02103402,0.13199718,0.2,0,1.2,<class 'activation_function.Relu'>,<function ranged_uniform_initializer at 0x7f10a5bbfca0>,"(20, 20)"
0.38093737,0.01155599,0.13075,0.2,0,1.2,<class 'activation_function.Relu'>,<function ranged_uniform_initializer at 0x7f10a5bbfca0>,"(25, 25)"
0.32456668,0.01092668,0.15179052,0.2,0.005,0.4,<class 'activation_function.TanH'>,<function xavier_initializer at 0x7f10a5bbfa60>,"(10, 10)"
0.42971592,0.00805191,0.23963115,0.2,0.005,0.4,<class 'activation_function.Relu'>,<function xavier_initializer at 0x7f10a5bbfa60>,"(30,)"
0.32941008,0.01185916,0.15528706,0.2,0.005,0.4,<class 'activation_function.TanH'>,<function xavier_initializer at 0x7f10a5bbfa60>,"(20, 20)"
0.42971592,0.00805191,0.23887401,0.2,0.005,0.4,<class 'activation_function.TanH'>,<function ranged_uniform_initializer at 0x7f10a5bbfca0>,"(30,)"
0.29412028,0.0141727,0.13577396,0.2,0.005,0.4,<class 'activation_function.Relu'>,<function xavier_initializer at 0x7f10a5bbfa60>,"(10, 10)"
0.33114062,0.01052358,0.15664053,0.2,0.005,0.4,<class 'activation_function.TanH'>,<function xavier_initializer at 0x7f10a5bbfa60>,"(25, 25)"
0.29465371,0.01336193,0.13390195,0.2,0.005,0.4,<class 'activation_function.Relu'>,<function xavier_initializer at 0x7f10a5bbfa60>,"(20, 20)"
0.29706941,0.0143935,0.13523426,0.2,0.005,0.4,<class 'activation_function.Relu'>,<function xavier_initializer at 0x7f10a5bbfa60>,"(25, 25)"
0.3172307,0.01383794,0.14631162,0.2,0.005,0.4,<class 'activation_function.TanH'>,<function ranged_uniform_initializer at 0x7f10a5bbfca0>,"(10, 10)"
0.42971592,0.00805191,0.23889221,0.2,0.005,0.4,<class 'activation_function.Relu'>,<function ranged_uniform_initializer at 0x7f10a5bbfca0>,"(30,)"
0.3234542,0.01223978,0.15055845,0.2,0.005,0.4,<class 'activation_function.TanH'>,<function ranged_uniform_initializer at 0x7f10a5bbfca0>,"(20, 20)"
197126.55967674,257142.14832296,0.25155536,0.2,0.005,0.8,<class 'activation_function.TanH'>,<function xavier_initializer at 0x7f10a5bbfa60>,"(30,)"
0.29483955,0.01347602,0.13433987,0.2,0.005,0.4,<class 'activation_function.Relu'>,<function ranged_uniform_initializer at 0x7f10a5bbfca0>,"(10, 10)"
0.3213821,0.01126185,0.14798273,0.2,0.005,0.4,<class 'activation_function.TanH'>,<function ranged_uniform_initializer at 0x7f10a5bbfca0>,"(25, 25)"
0.3012633,0.01431152,0.13898743,0.2,0.005,0.4,<class 'activation_function.Relu'>,<function ranged_uniform_initializer at 0x7f10a5bbfca0>,"(20, 20)"
0.29422636,0.01443278,0.1339047,0.2,0.005,0.4,<class 'activation_function.Relu'>,<function ranged_uniform_initializer at 0x7f10a5bbfca0>,"(25, 25)"
0.31466526,0.01211396,0.14214351,0.2,0.005,0.8,<class 'activation_function.TanH'>,<function xavier_initializer at 0x7f10a5bbfa60>,"(10, 10)"
207537.57038581,270651.58863413,0.24870841,0.2,0.005,0.8,<class 'activation_function.Relu'>,<function xavier_initializer at 0x7f10a5bbfa60>,"(30,)"
0.3139775,0.01201437,0.14238577,0.2,0.005,0.8,<class 'activation_function.TanH'>,<function xavier_initializer at 0x7f10a5bbfa60>,"(20, 20)"
0.29712033,0.01385866,0.13607787,0.2,0.005,0.8,<class 'activation_function.Relu'>,<function xavier_initializer at 0x7f10a5bbfa60>,"(10, 10)"
92773.5069037,121216.56954957,0.24799289,0.2,0.005,0.8,<class 'activation_function.TanH'>,<function ranged_uniform_initializer at 0x7f10a5bbfca0>,"(30,)"
0.32165651,0.0127303,0.14840532,0.2,0.005,0.8,<class 'activation_function.TanH'>,<function xavier_initializer at 0x7f10a5bbfa60>,"(25, 25)"
0.29717599,0.01266447,0.13476537,0.2,0.005,0.8,<class 'activation_function.Relu'>,<function xavier_initializer at 0x7f10a5bbfa60>,"(20, 20)"
0.29365778,0.0133017,0.13208888,0.2,0.005,0.8,<class 'activation_function.Relu'>,<function xavier_initializer at 0x7f10a5bbfa60>,"(25, 25)"
0.31077478,0.01224565,0.14066584,0.2,0.005,0.8,<class 'activation_function.TanH'>,<function ranged_uniform_initializer at 0x7f10a5bbfca0>,"(10, 10)"
123013.71486558,161115.19522814,0.24657963,0.2,0.005,0.8,<class 'activation_function.Relu'>,<function ranged_uniform_initializer at 0x7f10a5bbfca0>,"(30,)"
0.31220503,0.014124,0.14273414,0.2,0.005,0.8,<class 'activation_function.TanH'>,<function ranged_uniform_initializer at 0x7f10a5bbfca0>,"(20, 20)"
0.29860755,0.01412579,0.138778,0.2,0.005,0.8,<class 'activation_function.Relu'>,<function ranged_uniform_initializer at 0x7f10a5bbfca0>,"(10, 10)"
1.0145414025774353e+49,1.0342394008887991e+49,0.76612744,0.2,0.005,1.2,<class 'activation_function.TanH'>,<function xavier_initializer at 0x7f10a5bbfa60>,"(30,)"
0.31292864,0.01394814,0.14403297,0.2,0.005,0.8,<class 'activation_function.TanH'>,<function ranged_uniform_initializer at 0x7f10a5bbfca0>,"(25, 25)"
0.29172965,0.01341222,0.13159116,0.2,0.005,0.8,<class 'activation_function.Relu'>,<function ranged_uniform_initializer at 0x7f10a5bbfca0>,"(20, 20)"
0.29196398,0.01300309,0.13140206,0.2,0.005,0.8,<class 'activation_function.Relu'>,<function ranged_uniform_initializer at 0x7f10a5bbfca0>,"(25, 25)"
0.31054205,0.00970626,0.13911063,0.2,0.005,1.2,<class 'activation_function.TanH'>,<function xavier_initializer at 0x7f10a5bbfa60>,"(10, 10)"
7.037596500449654e+48,7.185791412470633e+48,0.63811402,0.2,0.005,1.2,<class 'activation_function.Relu'>,<function xavier_initializer at 0x7f10a5bbfa60>,"(30,)"
0.30926611,0.01051319,0.13822211,0.2,0.005,1.2,<class 'activation_function.TanH'>,<function xavier_initializer at 0x7f10a5bbfa60>,"(20, 20)"
0.42621866,0.02387302,0.13681587,0.2,0.005,1.2,<class 'activation_function.Relu'>,<function xavier_initializer at 0x7f10a5bbfa60>,"(10, 10)"
1.533631456747334e+49,1.5628431070196197e+49,1.46617017,0.2,0.005,1.2,<class 'activation_function.TanH'>,<function ranged_uniform_initializer at 0x7f10a5bbfca0>,"(30,)"
0.31340132,0.00975351,0.14010823,0.2,0.005,1.2,<class 'activation_function.TanH'>,<function xavier_initializer at 0x7f10a5bbfa60>,"(25, 25)"
0.36185088,0.00587103,0.13295933,0.2,0.005,1.2,<class 'activation_function.Relu'>,<function xavier_initializer at 0x7f10a5bbfa60>,"(20, 20)"
0.38985556,0.00578502,0.13322494,0.2,0.005,1.2,<class 'activation_function.Relu'>,<function xavier_initializer at 0x7f10a5bbfa60>,"(25, 25)"
0.30409782,0.01379227,0.13679296,0.2,0.005,1.2,<class 'activation_function.TanH'>,<function ranged_uniform_initializer at 0x7f10a5bbfca0>,"(10, 10)"
5.463872898282716e+48,5.521113473521666e+48,0.75181566,0.2,0.005,1.2,<class 'activation_function.Relu'>,<function ranged_uniform_initializer at 0x7f10a5bbfca0>,"(30,)"
0.33010026,0.02523344,0.14053649,0.2,0.005,1.2,<class 'activation_function.TanH'>,<function ranged_uniform_initializer at 0x7f10a5bbfca0>,"(20, 20)"
5.34032435391058e+134,9.248857861547493e+134,1.0683168,0.2,0.005,1.2,<class 'activation_function.TanH'>,<function ranged_uniform_initializer at 0x7f10a5bbfca0>,"(25, 25)"
0.37171281,0.00885972,0.13616447,0.2,0.005,1.2,<class 'activation_function.Relu'>,<function ranged_uniform_initializer at 0x7f10a5bbfca0>,"(10, 10)"
0.4299877,0.00846093,0.2400824,0.2,0.01,0.4,<class 'activation_function.TanH'>,<function xavier_initializer at 0x7f10a5bbfa60>,"(30,)"
0.35593987,0.03351804,0.13350309,0.2,0.005,1.2,<class 'activation_function.Relu'>,<function ranged_uniform_initializer at 0x7f10a5bbfca0>,"(20, 20)"
0.38610317,0.01869522,0.13277663,0.2,0.005,1.2,<class 'activation_function.Relu'>,<function ranged_uniform_initializer at 0x7f10a5bbfca0>,"(25, 25)"
0.34047856,0.01073926,0.16487133,0.2,0.01,0.4,<class 'activation_function.TanH'>,<function xavier_initializer at 0x7f10a5bbfa60>,"(10, 10)"
0.4299877,0.00846093,0.24059033,0.2,0.01,0.4,<class 'activation_function.Relu'>,<function xavier_initializer at 0x7f10a5bbfa60>,"(30,)"
0.33893819,0.01139409,0.16387995,0.2,0.01,0.4,<class 'activation_function.TanH'>,<function xavier_initializer at 0x7f10a5bbfa60>,"(20, 20)"
0.31027668,0.01102864,0.14613237,0.2,0.01,0.4,<class 'activation_function.Relu'>,<function xavier_initializer at 0x7f10a5bbfa60>,"(10, 10)"
0.4299877,0.00846093,0.24005678,0.2,0.01,0.4,<class 'activation_function.TanH'>,<function ranged_uniform_initializer at 0x7f10a5bbfca0>,"(30,)"
0.30724067,0.01220351,0.1434618,0.2,0.01,0.4,<class 'activation_function.Relu'>,<function xavier_initializer at 0x7f10a5bbfa60>,"(20, 20)"
0.34373043,0.01101084,0.16809885,0.2,0.01,0.4,<class 'activation_function.TanH'>,<function xavier_initializer at 0x7f10a5bbfa60>,"(25, 25)"
0.31090722,0.01214019,0.14582188,0.2,0.01,0.4,<class 'activation_function.Relu'>,<function xavier_initializer at 0x7f10a5bbfa60>,"(25, 25)"
0.33317483,0.01106921,0.16101394,0.2,0.01,0.4,<class 'activation_function.TanH'>,<function ranged_uniform_initializer at 0x7f10a5bbfca0>,"(10, 10)"
0.4299877,0.00846093,0.23963688,0.2,0.01,0.4,<class 'activation_function.Relu'>,<function ranged_uniform_initializer at 0x7f10a5bbfca0>,"(30,)"
0.33668676,0.01124182,0.16337713,0.2,0.01,0.4,<class 'activation_function.TanH'>,<function ranged_uniform_initializer at 0x7f10a5bbfca0>,"(20, 20)"
0.30709489,0.01256037,0.14397105,0.2,0.01,0.4,<class 'activation_function.Relu'>,<function ranged_uniform_initializer at 0x7f10a5bbfca0>,"(10, 10)"
82695.96572662,93159.39428979,0.24880404,0.2,0.01,0.8,<class 'activation_function.TanH'>,<function xavier_initializer at 0x7f10a5bbfa60>,"(30,)"
0.33746567,0.01088367,0.16359185,0.2,0.01,0.4,<class 'activation_function.TanH'>,<function ranged_uniform_initializer at 0x7f10a5bbfca0>,"(25, 25)"
0.30885256,0.01192052,0.14398233,0.2,0.01,0.4,<class 'activation_function.Relu'>,<function ranged_uniform_initializer at 0x7f10a5bbfca0>,"(20, 20)"
0.30853813,0.0125098,0.14769098,0.2,0.01,0.4,<class 'activation_function.Relu'>,<function ranged_uniform_initializer at 0x7f10a5bbfca0>,"(25, 25)"
0.32627572,0.01207645,0.15430527,0.2,0.01,0.8,<class 'activation_function.TanH'>,<function xavier_initializer at 0x7f10a5bbfa60>,"(10, 10)"
53542.49838348,60782.93859685,0.24393957,0.2,0.01,0.8,<class 'activation_function.Relu'>,<function xavier_initializer at 0x7f10a5bbfa60>,"(30,)"
0.33245137,0.0112148,0.15835802,0.2,0.01,0.8,<class 'activation_function.TanH'>,<function xavier_initializer at 0x7f10a5bbfa60>,"(20, 20)"
62369.00054057,70090.73699511,0.24380335,0.2,0.01,0.8,<class 'activation_function.TanH'>,<function ranged_uniform_initializer at 0x7f10a5bbfca0>,"(30,)"
0.30240228,0.01386722,0.1417464,0.2,0.01,0.8,<class 'activation_function.Relu'>,<function xavier_initializer at 0x7f10a5bbfa60>,"(10, 10)"
0.32902134,0.01147297,0.156748,0.2,0.01,0.8,<class 'activation_function.TanH'>,<function xavier_initializer at 0x7f10a5bbfa60>,"(25, 25)"
0.3025562,0.01274947,0.14077105,0.2,0.01,0.8,<class 'activation_function.Relu'>,<function xavier_initializer at 0x7f10a5bbfa60>,"(20, 20)"
0.30311938,0.01340944,0.14008176,0.2,0.01,0.8,<class 'activation_function.Relu'>,<function xavier_initializer at 0x7f10a5bbfa60>,"(25, 25)"
0.3236479,0.01245348,0.15353254,0.2,0.01,0.8,<class 'activation_function.TanH'>,<function ranged_uniform_initializer at 0x7f10a5bbfca0>,"(10, 10)"
106313.56185406,119778.22193294,0.25076433,0.2,0.01,0.8,<class 'activation_function.Relu'>,<function ranged_uniform_initializer at 0x7f10a5bbfca0>,"(30,)"
0.32563707,0.01188492,0.15473152,0.2,0.01,0.8,<class 'activation_function.TanH'>,<function ranged_uniform_initializer at 0x7f10a5bbfca0>,"(20, 20)"
8.772298853646356e+48,7.046106838170554e+48,1.1672783,0.2,0.01,1.2,<class 'activation_function.TanH'>,<function xavier_initializer at 0x7f10a5bbfa60>,"(30,)"
0.30400666,0.0124123,0.14430957,0.2,0.01,0.8,<class 'activation_function.Relu'>,<function ranged_uniform_initializer at 0x7f10a5bbfca0>,"(10, 10)"
0.32911078,0.01204239,0.15719304,0.2,0.01,0.8,<class 'activation_function.TanH'>,<function ranged_uniform_initializer at 0x7f10a5bbfca0>,"(25, 25)"
0.30694392,0.01338451,0.1432675,0.2,0.01,0.8,<class 'activation_function.Relu'>,<function ranged_uniform_initializer at 0x7f10a5bbfca0>,"(20, 20)"
0.30384515,0.01290702,0.14056914,0.2,0.01,0.8,<class 'activation_function.Relu'>,<function ranged_uniform_initializer at 0x7f10a5bbfca0>,"(25, 25)"
0.31595306,0.01262692,0.14921353,0.2,0.01,1.2,<class 'activation_function.TanH'>,<function xavier_initializer at 0x7f10a5bbfa60>,"(10, 10)"
7.711626645868275e+48,6.197563477929672e+48,0.73988372,0.2,0.01,1.2,<class 'activation_function.Relu'>,<function xavier_initializer at 0x7f10a5bbfa60>,"(30,)"
0.32099549,0.01263024,0.15032829,0.2,0.01,1.2,<class 'activation_function.TanH'>,<function xavier_initializer at 0x7f10a5bbfa60>,"(20, 20)"
0.31262316,0.01424928,0.14405521,0.2,0.01,1.2,<class 'activation_function.Relu'>,<function xavier_initializer at 0x7f10a5bbfa60>,"(10, 10)"
7.725323203944318e+48,6.175558281848596e+48,1.3999108,0.2,0.01,1.2,<class 'activation_function.TanH'>,<function ranged_uniform_initializer at 0x7f10a5bbfca0>,"(30,)"
0.32215369,0.01297404,0.150937,0.2,0.01,1.2,<class 'activation_function.TanH'>,<function xavier_initializer at 0x7f10a5bbfa60>,"(25, 25)"
0.41090441,0.01849851,0.1414435,0.2,0.01,1.2,<class 'activation_function.Relu'>,<function xavier_initializer at 0x7f10a5bbfa60>,"(20, 20)"
nan,nan,0.65479213,0.2,0.01,1.2,<class 'activation_function.Relu'>,<function xavier_initializer at 0x7f10a5bbfa60>,"(25, 25)"
0.32493792,0.00831203,0.14826089,0.2,0.01,1.2,<class 'activation_function.TanH'>,<function ranged_uniform_initializer at 0x7f10a5bbfca0>,"(10, 10)"
0.32261337,0.01414862,0.15300415,0.2,0.01,1.2,<class 'activation_function.TanH'>,<function ranged_uniform_initializer at 0x7f10a5bbfca0>,"(20, 20)"
0.35559548,0.02257707,0.14096561,0.2,0.01,1.2,<class 'activation_function.Relu'>,<function ranged_uniform_initializer at 0x7f10a5bbfca0>,"(10, 10)"
8.387555122345329e+48,6.779835642158892e+48,1.16953043,0.2,0.01,1.2,<class 'activation_function.Relu'>,<function ranged_uniform_initializer at 0x7f10a5bbfca0>,"(30,)"
nan,nan,3.40431588,0.2,0.01,1.2,<class 'activation_function.TanH'>,<function ranged_uniform_initializer at 0x7f10a5bbfca0>,"(25, 25)"
0.43090724,0.03621515,0.14219639,0.2,0.01,1.2,<class 'activation_function.Relu'>,<function ranged_uniform_initializer at 0x7f10a5bbfca0>,"(20, 20)"
0.35095413,0.04791469,0.14069465,0.2,0.01,1.2,<class 'activation_function.Relu'>,<function ranged_uniform_initializer at 0x7f10a5bbfca0>,"(25, 25)"
